Index,text,likesCount
0,I love the Cheesecake Factory. I have never had a bad experience there!,27
1,"Had an awful time Saturday night, thank goodness our waitress was great.",2
2,Bring back the mushroom soup!,41
3,FACT,5
4,Bring back Boston House Salad,8
5,Itâ€™s real Long now many choices I love it.,5
6,"When our daughter worked at The Cheesecake Factory Corporate Office in LA, she would bring a whole cheesecake when she flew back to florida.  We always looked forward to her visits! ğŸ˜‰",6
7,Bring back spicy cashew chicken,8
8,Canâ€™t wait for the new location in coconut Creek Florida to open next month.,4
9,Bring back the shrimp blt!,7
10,Bring back the stuffed cheddar burger ğŸ˜¡,1
11,Bring back the different soup for every day of the week.,4
12,Fact,1
13,I miss the salmon fire cracker rolls,10
14,Bring back the tons of fun burger.,6
15,Please bring back the Luau and Boston Bibb Salads.,2
16,Bring back Grilled Artichokes!,3
17,"Idk. Bring back the chicken teriyaki, then weâ€™ll talk.",0
18,Probably fact,2
19,Not anymore!,2
20,Bring back the 2 page menu!,8
21,Fact,3
22,I canâ€™t say for sure as I was 2 but later it was long,3
23,"Come to Myrtle Beach, SC",2
24,"Fiction.  Even when Covid and the resulting supply chain problems struck, the abridged menu was still 47 pages longâ€¦ğŸ˜†",3
25,True?,2
26,True!,2
27,Bring back the pork belly sliders,4
28,Fact,3
29,Fact,4
30,Fact,2
31,Fact,1
32,Probably true,2
33,Fact,3
34,"Bring back
The Factory Burger on the sourdough",3
35,Fiction.,3
36,Fact,2
37,Bring back the corn soup!! And the Luau salad!,3
38,Bring one closer to ME!!! Lol,4
39,#Fact,2
40,Love Chessecake Factory,0
41,Fact,1
42,Fact,2
43,The restaurant opened in 1978.,0
44,Please bring back Chicken di Pana!!!,3
45,Fact,1
46,True,3
47,FACTory,2
48,Ryan J. Cariglio,1
49,Factory,2
50,"Blodgett S. Jack Dear friend ğŸ‘‹ ,we have created a Golden Retriever ğŸ¥° group to showcase your Heathy Golden Retriever For Adoption And More which is created for us ğŸ¾ to make this breed known to the world, for adoption for all lovers who don't have one and also for the sharing of lovely ğŸ˜ Golden retriever pictures
ğŸ‘‡ğŸ‘‡ğŸ‘‡â¬‡ï¸â¬‡ï¸â¬‡ï¸
https://facebook.com/groups/721998266391863/",0
51,"Lisette Fields You look so beautiful. You have the best smile only the chief of Angels has which  means you of all the angels around the worldğŸŒ¹ğŸ˜Š I'm sorry for invading your privacy  I will love to know you more, Kindly send me a Friend request. If you happen to find this message embarrassing, please pardon my manners... Thank youğŸ˜”ğŸ˜”",0
52,"Jonathan XiXiv Dear friend ğŸ‘‹ ,we have created a Golden Retriever ğŸ¥° group to showcase your Heathy Golden Retriever For Adoption And More which is created for us ğŸ¾ to make this breed known to the world, for adoption for all lovers who don't have one and also for the sharing of lovely ğŸ˜ Golden retriever pictures
ğŸ‘‡ğŸ‘‡ğŸ‘‡â¬‡ï¸â¬‡ï¸â¬‡ï¸
https://facebook.com/groups/721998266391863/",0
53,"Jonathan XiXiv ğˆğ§ğ¯ğğ¬ğ­ğ¢ğ§ğ  ğ°ğ¢ğ­ğ¡ George Paltan , ğ¡ğšğ¬ ğ›ğ«ğ¨ğ®ğ ğ¡ğ­ ğ¦ğ ğšğ§ğ ğ¦ğ² ğŸğšğ¦ğ¢ğ¥ğ² ğ¬ğ¨ ğ¦ğ®ğœğ¡ ğ£ğ¨ğ², ğˆ'ğ¯ğ ğ«ğğœğğ¢ğ¯ğğ ğ¦ğ®ğœğ¡ ğ«ğğ­ğ®ğ«ğ§ğ¬ ğŸğ«ğ¨ğ¦ ğ¦ğ² ğ¥ğ¢ğ­ğ­ğ¥ğ ğŸğ®ğ§ğğ¬ ğ¢ğ§ğ¯ğğ¬ğ­ğğ ğšğ§ğ ğˆ'ğ¦ ğ­ğ¡ğšğ§ğ¤ğŸğ®ğ¥ ğšğ§ğ ğˆ ğšğğ¯ğ¢ğœğ ğğ¯ğğ«ğ²ğ¨ğ§ğ ğ­ğ¨ ğ¢ğ§ğ¯ğğ¬ğ­ ğ°ğ¢ğ­ğ¡ him He's's the best.
ğŸ‘‡ğŸ‘‡ğŸ‘‡ğŸ‘‡ğŸ‘‡ğŸ‘‡
https://www.facebook.com/george.paltan.5
https://www.facebook.com/george.paltan.5",0
54,"Blake Cariglio Dear friend ğŸ‘‹ ,we have created a Golden Retriever ğŸ¥° group to showcase your Heathy Golden Retriever For Adoption And More which is created for us ğŸ¾ to make this breed known to the world, for adoption for all lovers who don't have one and also for the sharing of lovely ğŸ˜ Golden retriever pictures
ğŸ‘‡ğŸ‘‡ğŸ‘‡â¬‡ï¸â¬‡ï¸â¬‡ï¸
https://facebook.com/groups/721998266391863/",0
55,"Kathy Baylor Dear friend ğŸ‘‹ ,we have created a Golden Retriever ğŸ¥° group to showcase your Heathy Golden Retriever For Adoption And More which is created for us ğŸ¾ to make this breed known to the world, for adoption for all lovers who don't have one and also for the sharing of lovely ğŸ˜ Golden retriever pictures
ğŸ‘‡ğŸ‘‡ğŸ‘‡â¬‡ï¸â¬‡ï¸â¬‡ï¸
https://facebook.com/groups/721998266391863/",0
56,"Jessica Kelly-Brown Dear friend ğŸ‘‹ ,we have created a Golden Retriever ğŸ¥° group to showcase your Heathy Golden Retriever For Adoption And More which is created for us ğŸ¾ to make this breed known to the world, for adoption for all lovers who don't have one and also for the sharing of lovely ğŸ˜ Golden retriever pictures
ğŸ‘‡ğŸ‘‡ğŸ‘‡â¬‡ï¸â¬‡ï¸â¬‡ï¸
https://facebook.com/groups/721998266391863/",0
57,"Jessica Kelly-Brown ğˆğ§ğ¯ğğ¬ğ­ğ¢ğ§ğ  ğ°ğ¢ğ­ğ¡ George Paltan , ğ¡ğšğ¬ ğ›ğ«ğ¨ğ®ğ ğ¡ğ­ ğ¦ğ ğšğ§ğ ğ¦ğ² ğŸğšğ¦ğ¢ğ¥ğ² ğ¬ğ¨ ğ¦ğ®ğœğ¡ ğ£ğ¨ğ², ğˆ'ğ¯ğ ğ«ğğœğğ¢ğ¯ğğ ğ¦ğ®ğœğ¡ ğ«ğğ­ğ®ğ«ğ§ğ¬ ğŸğ«ğ¨ğ¦ ğ¦ğ² ğ¥ğ¢ğ­ğ­ğ¥ğ ğŸğ®ğ§ğğ¬ ğ¢ğ§ğ¯ğğ¬ğ­ğğ ğšğ§ğ ğˆ'ğ¦ ğ­ğ¡ğšğ§ğ¤ğŸğ®ğ¥ ğšğ§ğ ğˆ ğšğğ¯ğ¢ğœğ ğğ¯ğğ«ğ²ğ¨ğ§ğ ğ­ğ¨ ğ¢ğ§ğ¯ğğ¬ğ­ ğ°ğ¢ğ­ğ¡ him He's's the best.
ğŸ‘‡ğŸ‘‡ğŸ‘‡ğŸ‘‡ğŸ‘‡ğŸ‘‡
https://www.facebook.com/george.paltan.5
https://www.facebook.com/george.paltan.5",0
58,"Linda Wright Dear friend ğŸ‘‹ ,we have created a Golden Retriever ğŸ¥° group to showcase your Heathy Golden Retriever For Adoption And More which is created for us ğŸ¾ to make this breed known to the world, for adoption for all lovers who don't have one and also for the sharing of lovely ğŸ˜ Golden retriever pictures
ğŸ‘‡ğŸ‘‡ğŸ‘‡â¬‡ï¸â¬‡ï¸â¬‡ï¸
https://facebook.com/groups/721998266391863/",0
59,"Linda Wright ğˆğ§ğ¯ğğ¬ğ­ğ¢ğ§ğ  ğ°ğ¢ğ­ğ¡ George Paltan , ğ¡ğšğ¬ ğ›ğ«ğ¨ğ®ğ ğ¡ğ­ ğ¦ğ ğšğ§ğ ğ¦ğ² ğŸğšğ¦ğ¢ğ¥ğ² ğ¬ğ¨ ğ¦ğ®ğœğ¡ ğ£ğ¨ğ², ğˆ'ğ¯ğ ğ«ğğœğğ¢ğ¯ğğ ğ¦ğ®ğœğ¡ ğ«ğğ­ğ®ğ«ğ§ğ¬ ğŸğ«ğ¨ğ¦ ğ¦ğ² ğ¥ğ¢ğ­ğ­ğ¥ğ ğŸğ®ğ§ğğ¬ ğ¢ğ§ğ¯ğğ¬ğ­ğğ ğšğ§ğ ğˆ'ğ¦ ğ­ğ¡ğšğ§ğ¤ğŸğ®ğ¥ ğšğ§ğ ğˆ ğšğğ¯ğ¢ğœğ ğğ¯ğğ«ğ²ğ¨ğ§ğ ğ­ğ¨ ğ¢ğ§ğ¯ğğ¬ğ­ ğ°ğ¢ğ­ğ¡ him He's's the best.
ğŸ‘‡ğŸ‘‡ğŸ‘‡ğŸ‘‡ğŸ‘‡ğŸ‘‡
https://www.facebook.com/george.paltan.5
https://www.facebook.com/george.paltan.5",0
60,"Monique Salerno Dear friend ğŸ‘‹ ,we have created a Golden Retriever ğŸ¥° group to showcase your Heathy Golden Retriever For Adoption And More which is created for us ğŸ¾ to make this breed known to the world, for adoption for all lovers who don't have one and also for the sharing of lovely ğŸ˜ Golden retriever pictures
ğŸ‘‡ğŸ‘‡ğŸ‘‡â¬‡ï¸â¬‡ï¸â¬‡ï¸
https://facebook.com/groups/721998266391863/",0
61,"Monique Salerno ğˆğ§ğ¯ğğ¬ğ­ğ¢ğ§ğ  ğ°ğ¢ğ­ğ¡ George Paltan , ğ¡ğšğ¬ ğ›ğ«ğ¨ğ®ğ ğ¡ğ­ ğ¦ğ ğšğ§ğ ğ¦ğ² ğŸğšğ¦ğ¢ğ¥ğ² ğ¬ğ¨ ğ¦ğ®ğœğ¡ ğ£ğ¨ğ², ğˆ'ğ¯ğ ğ«ğğœğğ¢ğ¯ğğ ğ¦ğ®ğœğ¡ ğ«ğğ­ğ®ğ«ğ§ğ¬ ğŸğ«ğ¨ğ¦ ğ¦ğ² ğ¥ğ¢ğ­ğ­ğ¥ğ ğŸğ®ğ§ğğ¬ ğ¢ğ§ğ¯ğğ¬ğ­ğğ ğšğ§ğ ğˆ'ğ¦ ğ­ğ¡ğšğ§ğ¤ğŸğ®ğ¥ ğšğ§ğ ğˆ ğšğğ¯ğ¢ğœğ ğğ¯ğğ«ğ²ğ¨ğ§ğ ğ­ğ¨ ğ¢ğ§ğ¯ğğ¬ğ­ ğ°ğ¢ğ­ğ¡ him He's's the best.
ğŸ‘‡ğŸ‘‡ğŸ‘‡ğŸ‘‡ğŸ‘‡ğŸ‘‡
https://www.facebook.com/george.paltan.5
https://www.facebook.com/george.paltan.5",0
62,"Monique Salerno Apologies for dropping this here but it feels too great to visit your timeline,ğŸŒ¹ğŸŒ¹ I always enjoy what you share here on Facebook but we're not friends yetğŸŒ¹ğŸŒ¹ I have tried several times to send the friend request but it's not going. Do you mind trying from your side? I will be happy to be friends with you. If you find this message embarrassing please pardon my manners Thank youğŸŒ¹",0
63,"Letitia 'Teecee Bunny' Greene Dear friend ğŸ‘‹ ,we have created a Golden Retriever ğŸ¥° group to showcase your Heathy Golden Retriever For Adoption And More which is created for us ğŸ¾ to make this breed known to the world, for adoption for all lovers who don't have one and also for the sharing of lovely ğŸ˜ Golden retriever pictures
ğŸ‘‡ğŸ‘‡ğŸ‘‡â¬‡ï¸â¬‡ï¸â¬‡ï¸
https://facebook.com/groups/721998266391863/",0
64,"Letitia 'Teecee Bunny' Greene ğˆğ§ğ¯ğğ¬ğ­ğ¢ğ§ğ  ğ°ğ¢ğ­ğ¡ George Paltan , ğ¡ğšğ¬ ğ›ğ«ğ¨ğ®ğ ğ¡ğ­ ğ¦ğ ğšğ§ğ ğ¦ğ² ğŸğšğ¦ğ¢ğ¥ğ² ğ¬ğ¨ ğ¦ğ®ğœğ¡ ğ£ğ¨ğ², ğˆ'ğ¯ğ ğ«ğğœğğ¢ğ¯ğğ ğ¦ğ®ğœğ¡ ğ«ğğ­ğ®ğ«ğ§ğ¬ ğŸğ«ğ¨ğ¦ ğ¦ğ² ğ¥ğ¢ğ­ğ­ğ¥ğ ğŸğ®ğ§ğğ¬ ğ¢ğ§ğ¯ğğ¬ğ­ğğ ğšğ§ğ ğˆ'ğ¦ ğ­ğ¡ğšğ§ğ¤ğŸğ®ğ¥ ğšğ§ğ ğˆ ğšğğ¯ğ¢ğœğ ğğ¯ğğ«ğ²ğ¨ğ§ğ ğ­ğ¨ ğ¢ğ§ğ¯ğğ¬ğ­ ğ°ğ¢ğ­ğ¡ him He's's the best.
ğŸ‘‡ğŸ‘‡ğŸ‘‡ğŸ‘‡ğŸ‘‡ğŸ‘‡
https://www.facebook.com/george.paltan.5
https://www.facebook.com/george.paltan.5",0
65,"Dev P Degges ğŸ˜I'm always happy to see what you share here on Facebook, but we're not friends yet, I've tried sending you a request several times but it doesn't go through. I would be so happy if you can just click on my profile and send me a request, but if you find this message embarrassing, please forgive my manners, have a safe day,thank you and stay blessed ğŸŒ¹ğŸŒºğŸ’™",0
66,"Dev P Degges I always enjoy what you share here on Facebook but we're not friends yet, I've tried several times to send you request but is not going through. Do you mind trying from your end, I'll be glad to be friends with you. If you find this message embarrassing, please pardon my mannersğŸ™ğŸŒ¹ğŸŒ¹....Thank you",0
67,"Dev P Degges Dear friend ğŸ‘‹ ,we have created a Golden Retriever ğŸ¥° group to showcase your Heathy Golden Retriever For Adoption And More which is created for us ğŸ¾ to make this breed known to the world, for adoption for all lovers who don't have one and also for the sharing of lovely ğŸ˜ Golden retriever pictures
ğŸ‘‡ğŸ‘‡ğŸ‘‡â¬‡ï¸â¬‡ï¸â¬‡ï¸
https://facebook.com/groups/721998266391863/",0
68,"Dev P Degges God answers our prayers In different ways, GOD change my life for good  through binary option trade  with the help of Mr George Paltan, His trading techniques are so unique ...Click the link below to contact Him and change your financial status
ğŸ“¥ğŸ“¥ğŸ“¥
https://www.facebook.com/george.paltan.5
https://www.facebook.com/george.paltan.5",0
69,"Tina Little Dear friend ğŸ‘‹ ,we have created a Golden Retriever ğŸ¥° group to showcase your Heathy Golden Retriever For Adoption And More which is created for us ğŸ¾ to make this breed known to the world, for adoption for all lovers who don't have one and also for the sharing of lovely ğŸ˜ Golden retriever pictures
ğŸ‘‡ğŸ‘‡ğŸ‘‡â¬‡ï¸â¬‡ï¸â¬‡ï¸
https://facebook.com/groups/721998266391863/",0
70,"Tina Little ğˆğ§ğ¯ğğ¬ğ­ğ¢ğ§ğ  ğ°ğ¢ğ­ğ¡ George Paltan , ğ¡ğšğ¬ ğ›ğ«ğ¨ğ®ğ ğ¡ğ­ ğ¦ğ ğšğ§ğ ğ¦ğ² ğŸğšğ¦ğ¢ğ¥ğ² ğ¬ğ¨ ğ¦ğ®ğœğ¡ ğ£ğ¨ğ², ğˆ'ğ¯ğ ğ«ğğœğğ¢ğ¯ğğ ğ¦ğ®ğœğ¡ ğ«ğğ­ğ®ğ«ğ§ğ¬ ğŸğ«ğ¨ğ¦ ğ¦ğ² ğ¥ğ¢ğ­ğ­ğ¥ğ ğŸğ®ğ§ğğ¬ ğ¢ğ§ğ¯ğğ¬ğ­ğğ ğšğ§ğ ğˆ'ğ¦ ğ­ğ¡ğšğ§ğ¤ğŸğ®ğ¥ ğšğ§ğ ğˆ ğšğğ¯ğ¢ğœğ ğğ¯ğğ«ğ²ğ¨ğ§ğ ğ­ğ¨ ğ¢ğ§ğ¯ğğ¬ğ­ ğ°ğ¢ğ­ğ¡ him He's's the best.
ğŸ‘‡ğŸ‘‡ğŸ‘‡ğŸ‘‡ğŸ‘‡ğŸ‘‡
https://www.facebook.com/george.paltan.5
https://www.facebook.com/george.paltan.5",0
71,"Linda Keefer Dear friend ğŸ‘‹ ,we have created a Golden Retriever ğŸ¥° group to showcase your Heathy Golden Retriever For Adoption And More which is created for us ğŸ¾ to make this breed known to the world, for adoption for all lovers who don't have one and also for the sharing of lovely ğŸ˜ Golden retriever pictures
ğŸ‘‡ğŸ‘‡ğŸ‘‡â¬‡ï¸â¬‡ï¸â¬‡ï¸
https://facebook.com/groups/721998266391863/",1
72,"Linda Keefer ğˆğ§ğ¯ğğ¬ğ­ğ¢ğ§ğ  ğ°ğ¢ğ­ğ¡ George Paltan , ğ¡ğšğ¬ ğ›ğ«ğ¨ğ®ğ ğ¡ğ­ ğ¦ğ ğšğ§ğ ğ¦ğ² ğŸğšğ¦ğ¢ğ¥ğ² ğ¬ğ¨ ğ¦ğ®ğœğ¡ ğ£ğ¨ğ², ğˆ'ğ¯ğ ğ«ğğœğğ¢ğ¯ğğ ğ¦ğ®ğœğ¡ ğ«ğğ­ğ®ğ«ğ§ğ¬ ğŸğ«ğ¨ğ¦ ğ¦ğ² ğ¥ğ¢ğ­ğ­ğ¥ğ ğŸğ®ğ§ğğ¬ ğ¢ğ§ğ¯ğğ¬ğ­ğğ ğšğ§ğ ğˆ'ğ¦ ğ­ğ¡ğšğ§ğ¤ğŸğ®ğ¥ ğšğ§ğ ğˆ ğšğğ¯ğ¢ğœğ ğğ¯ğğ«ğ²ğ¨ğ§ğ ğ­ğ¨ ğ¢ğ§ğ¯ğğ¬ğ­ ğ°ğ¢ğ­ğ¡ him He's's the best.
ğŸ‘‡ğŸ‘‡ğŸ‘‡ğŸ‘‡ğŸ‘‡ğŸ‘‡
https://www.facebook.com/george.paltan.5
https://www.facebook.com/george.paltan.5",1
73,Linda Keefer Why,0
74,"Linda Keefer Apologies for dropping this here but it feels too great to visit your timeline,ğŸŒ¹ğŸŒ¹ I always enjoy what you share here on Facebook but we're not friends yetğŸŒ¹ğŸŒ¹ I have tried several times to send the friend request but it's not going. Do you mind trying from your side? I will be happy to be friends with you. If you find this message embarrassing please pardon my manners Thank youğŸŒ¹",2
75,"Linda Keefer You look so beautiful. You have the best smile only the chief of Angels has which  means you of all the angels around the worldğŸŒ¹ğŸ˜Š I'm sorry for invading your privacy  I will love to know you more, Kindly send me a Friend request. If you happen to find this message embarrassing, please pardon my manners... Thank youğŸ˜”ğŸ˜”",1
76,"Allen Gillis Hey, you seem like a cool person. Your heart is kind and pure, and I'm sure those around you will appreciate your kindness. It can be difficult at time's, but dont let the chaos and darkness of the world spoil your goodness. Iâ€™m pretty new to this whole online thing and wasnâ€™t sure how to start a conversation, so I thought I would just say hi. I hope you donâ€™t mind. Anyway, Iâ€™m a big fan of the outdoors, I like to hike, camp and swim. Iâ€™m a bit of a fitness nut and am always trying to do something active. Iâ€™d love to hear what you like to do for fun! If you don't mind, you can send me a request, or send me a driect message",0
77,"Jane Berg Dear friend ğŸ‘‹ ,we have created a Golden Retriever ğŸ¥° group to showcase your Heathy Golden Retriever For Adoption And More which is created for us ğŸ¾ to make this breed known to the world, for adoption for all lovers who don't have one and also for the sharing of lovely ğŸ˜ Golden retriever pictures
ğŸ‘‡ğŸ‘‡ğŸ‘‡â¬‡ï¸â¬‡ï¸â¬‡ï¸
https://facebook.com/groups/721998266391863/",0
78,"Jane Berg ğˆğ§ğ¯ğğ¬ğ­ğ¢ğ§ğ  ğ°ğ¢ğ­ğ¡ George Paltan , ğ¡ğšğ¬ ğ›ğ«ğ¨ğ®ğ ğ¡ğ­ ğ¦ğ ğšğ§ğ ğ¦ğ² ğŸğšğ¦ğ¢ğ¥ğ² ğ¬ğ¨ ğ¦ğ®ğœğ¡ ğ£ğ¨ğ², ğˆ'ğ¯ğ ğ«ğğœğğ¢ğ¯ğğ ğ¦ğ®ğœğ¡ ğ«ğğ­ğ®ğ«ğ§ğ¬ ğŸğ«ğ¨ğ¦ ğ¦ğ² ğ¥ğ¢ğ­ğ­ğ¥ğ ğŸğ®ğ§ğğ¬ ğ¢ğ§ğ¯ğğ¬ğ­ğğ ğšğ§ğ ğˆ'ğ¦ ğ­ğ¡ğšğ§ğ¤ğŸğ®ğ¥ ğšğ§ğ ğˆ ğšğğ¯ğ¢ğœğ ğğ¯ğğ«ğ²ğ¨ğ§ğ ğ­ğ¨ ğ¢ğ§ğ¯ğğ¬ğ­ ğ°ğ¢ğ­ğ¡ him He's's the best.
ğŸ‘‡ğŸ‘‡ğŸ‘‡ğŸ‘‡ğŸ‘‡ğŸ‘‡
https://www.facebook.com/george.paltan.5
https://www.facebook.com/george.paltan.5",0
79,"Nicole O'Brien Dear friend ğŸ‘‹ ,we have created a Golden Retriever ğŸ¥° group to showcase your Heathy Golden Retriever For Adoption And More which is created for us ğŸ¾ to make this breed known to the world, for adoption for all lovers who don't have one and also for the sharing of lovely ğŸ˜ Golden retriever pictures
ğŸ‘‡ğŸ‘‡ğŸ‘‡â¬‡ï¸â¬‡ï¸â¬‡ï¸
https://facebook.com/groups/721998266391863/",0
80,"Nicole O'Brien ğˆğ§ğ¯ğğ¬ğ­ğ¢ğ§ğ  ğ°ğ¢ğ­ğ¡ George Paltan , ğ¡ğšğ¬ ğ›ğ«ğ¨ğ®ğ ğ¡ğ­ ğ¦ğ ğšğ§ğ ğ¦ğ² ğŸğšğ¦ğ¢ğ¥ğ² ğ¬ğ¨ ğ¦ğ®ğœğ¡ ğ£ğ¨ğ², ğˆ'ğ¯ğ ğ«ğğœğğ¢ğ¯ğğ ğ¦ğ®ğœğ¡ ğ«ğğ­ğ®ğ«ğ§ğ¬ ğŸğ«ğ¨ğ¦ ğ¦ğ² ğ¥ğ¢ğ­ğ­ğ¥ğ ğŸğ®ğ§ğğ¬ ğ¢ğ§ğ¯ğğ¬ğ­ğğ ğšğ§ğ ğˆ'ğ¦ ğ­ğ¡ğšğ§ğ¤ğŸğ®ğ¥ ğšğ§ğ ğˆ ğšğğ¯ğ¢ğœğ ğğ¯ğğ«ğ²ğ¨ğ§ğ ğ­ğ¨ ğ¢ğ§ğ¯ğğ¬ğ­ ğ°ğ¢ğ­ğ¡ him He's's the best.
ğŸ‘‡ğŸ‘‡ğŸ‘‡ğŸ‘‡ğŸ‘‡ğŸ‘‡
https://www.facebook.com/george.paltan.5
https://www.facebook.com/george.paltan.5",0
81,"Joel Gladstein Dear friend ğŸ‘‹ ,we have created a Golden Retriever ğŸ¥° group to showcase your Heathy Golden Retriever For Adoption And More which is created for us ğŸ¾ to make this breed known to the world, for adoption for all lovers who don't have one and also for the sharing of lovely ğŸ˜ Golden retriever pictures
ğŸ‘‡ğŸ‘‡ğŸ‘‡â¬‡ï¸â¬‡ï¸â¬‡ï¸
https://facebook.com/groups/721998266391863/",0
82,"Joel Gladstein God answers our prayers In different ways, GOD change my life for good  through binary option trade  with the help of Mr George Paltan, His trading techniques are so unique ...Click the link below to contact Him and change your financial status
ğŸ“¥ğŸ“¥ğŸ“¥
https://www.facebook.com/george.paltan.5
https://www.facebook.com/george.paltan.5",0
83,"Jessie Lanier-Luckey Dear friend ğŸ‘‹ ,we have created a Golden Retriever ğŸ¥° group to showcase your Heathy Golden Retriever For Adoption And More which is created for us ğŸ¾ to make this breed known to the world, for adoption for all lovers who don't have one and also for the sharing of lovely ğŸ˜ Golden retriever pictures
ğŸ‘‡ğŸ‘‡ğŸ‘‡â¬‡ï¸â¬‡ï¸â¬‡ï¸
https://facebook.com/groups/721998266391863/",0
84,"Jessie Lanier-Luckey God answers our prayers In different ways, GOD change my life for good  through binary option trade  with the help of Mr George Paltan, His trading techniques are so unique ...Click the link below to contact Him and change your financial status
ğŸ“¥ğŸ“¥ğŸ“¥
https://www.facebook.com/george.paltan.5
https://www.facebook.com/george.paltan.5",0
85,"Jessie Lanier-Luckey Apologies for dropping this here but it feels too great to visit your timeline,ğŸŒ¹ğŸŒ¹ I always enjoy what you share here on Facebook but we're not friends yetğŸŒ¹ğŸŒ¹ I have tried several times to send the friend request but it's not going. Do you mind trying from your side? I will be happy to be friends with you. If you find this message embarrassing please pardon my manners Thank youğŸŒ¹",0
86,"Rose M Banks Dear friend ğŸ‘‹ ,we have created a Golden Retriever ğŸ¥° group to showcase your Heathy Golden Retriever For Adoption And More which is created for us ğŸ¾ to make this breed known to the world, for adoption for all lovers who don't have one and also for the sharing of lovely ğŸ˜ Golden retriever pictures
ğŸ‘‡ğŸ‘‡ğŸ‘‡â¬‡ï¸â¬‡ï¸â¬‡ï¸
https://facebook.com/groups/721998266391863/",0
87,"Rose M Banks ğˆğ§ğ¯ğğ¬ğ­ğ¢ğ§ğ  ğ°ğ¢ğ­ğ¡ George Paltan , ğ¡ğšğ¬ ğ›ğ«ğ¨ğ®ğ ğ¡ğ­ ğ¦ğ ğšğ§ğ ğ¦ğ² ğŸğšğ¦ğ¢ğ¥ğ² ğ¬ğ¨ ğ¦ğ®ğœğ¡ ğ£ğ¨ğ², ğˆ'ğ¯ğ ğ«ğğœğğ¢ğ¯ğğ ğ¦ğ®ğœğ¡ ğ«ğğ­ğ®ğ«ğ§ğ¬ ğŸğ«ğ¨ğ¦ ğ¦ğ² ğ¥ğ¢ğ­ğ­ğ¥ğ ğŸğ®ğ§ğğ¬ ğ¢ğ§ğ¯ğğ¬ğ­ğğ ğšğ§ğ ğˆ'ğ¦ ğ­ğ¡ğšğ§ğ¤ğŸğ®ğ¥ ğšğ§ğ ğˆ ğšğğ¯ğ¢ğœğ ğğ¯ğğ«ğ²ğ¨ğ§ğ ğ­ğ¨ ğ¢ğ§ğ¯ğğ¬ğ­ ğ°ğ¢ğ­ğ¡ him He's's the best.
ğŸ‘‡ğŸ‘‡ğŸ‘‡ğŸ‘‡ğŸ‘‡ğŸ‘‡
https://www.facebook.com/george.paltan.5
https://www.facebook.com/george.paltan.5",0
88,"Linda Kierstein Hey, you seem like a cool person. Your heart is kind and pure, and I'm sure those around you will appreciate your kindness. It can be difficult at time's, but dont let the chaos and darkness of the world spoil your goodness. Iâ€™m pretty new to this whole online thing and wasnâ€™t sure how to start a conversation, so I thought I would just say hi. I hope you donâ€™t mind. Anyway, Iâ€™m a big fan of the outdoors, I like to hike, camp and swim. Iâ€™m a bit of a fitness nut and am always trying to do something active. Iâ€™d love to hear what you like to do for fun! If you don't mind, you can send me a request, or send me a driect message",0
89,Linda Kierstein .That special smile on your face always keep it up because that make you beautiful. can I ask you a question?,0
90,"Linda Kierstein Hello Linda 
How're you doing, sorry to ask where're you writing from?",0
91,"Linda Kierstein Dear friend ğŸ‘‹ ,we have created a Golden Retriever ğŸ¥° group to showcase your Heathy Golden Retriever For Adoption And More which is created for us ğŸ¾ to make this breed known to the world, for adoption for all lovers who don't have one and also for the sharing of lovely ğŸ˜ Golden retriever pictures
ğŸ‘‡ğŸ‘‡ğŸ‘‡â¬‡ï¸â¬‡ï¸â¬‡ï¸
https://facebook.com/groups/721998266391863/",0
92,"Linda Kierstein 
Hello, Sorry for the way of contacting, I just saw your profile and thought you were the right person, my name is Sandra Jones, I'm from France.  I suffer from a serious illness that will be conscious of death, it is a throat and there is an amount of â‚¬900,000, which I would like to offer to a reliable and honest man to use it well.  I have an import of red oil in my company in France and I have been plundering my husband for 6 years, which is very affected and until now I have not been able to recover, but our children have not  summer.  I would like to offer this amount before my death as my days to count because I miss this disease for which I had no cure.  If you would like to benefit from the â‚¬900,000 so that I no longer lose this money ğŸ’° contact me on WhatsApp through this link ğŸ‘‰ğŸ»ğŸ‘‰ğŸ»https://wa.me/message/V6PJGZDDOJVBK1",0
93,"Rose Price Dear friend ğŸ‘‹ ,we have created a Golden Retriever ğŸ¥° group to showcase your Heathy Golden Retriever For Adoption And More which is created for us ğŸ¾ to make this breed known to the world, for adoption for all lovers who don't have one and also for the sharing of lovely ğŸ˜ Golden retriever pictures
ğŸ‘‡ğŸ‘‡ğŸ‘‡â¬‡ï¸â¬‡ï¸â¬‡ï¸
https://facebook.com/groups/721998266391863/",0
94,"Rose Price  Hello...... your post are wonderful but I don't think we're friends here in Facebook,if you don't mind can you please kindly add me too as your friend ğŸ™ I'm tried adding you to mine but us not going through,I will be really glad if I can get a reply from you but then I'm sorry to have  invaded your privacy please accept my apology.thank you",0
95,"Elvis Wilson please donâ€™t send me things like this. 
Thanks!",0
96,"Rose Price ğˆğ§ğ¯ğğ¬ğ­ğ¢ğ§ğ  ğ°ğ¢ğ­ğ¡ George Paltan , ğ¡ğšğ¬ ğ›ğ«ğ¨ğ®ğ ğ¡ğ­ ğ¦ğ ğšğ§ğ ğ¦ğ² ğŸğšğ¦ğ¢ğ¥ğ² ğ¬ğ¨ ğ¦ğ®ğœğ¡ ğ£ğ¨ğ², ğˆ'ğ¯ğ ğ«ğğœğğ¢ğ¯ğğ ğ¦ğ®ğœğ¡ ğ«ğğ­ğ®ğ«ğ§ğ¬ ğŸğ«ğ¨ğ¦ ğ¦ğ² ğ¥ğ¢ğ­ğ­ğ¥ğ ğŸğ®ğ§ğğ¬ ğ¢ğ§ğ¯ğğ¬ğ­ğğ ğšğ§ğ ğˆ'ğ¦ ğ­ğ¡ğšğ§ğ¤ğŸğ®ğ¥ ğšğ§ğ ğˆ ğšğğ¯ğ¢ğœğ ğğ¯ğğ«ğ²ğ¨ğ§ğ ğ­ğ¨ ğ¢ğ§ğ¯ğğ¬ğ­ ğ°ğ¢ğ­ğ¡ him He's's the best.
ğŸ‘‡ğŸ‘‡ğŸ‘‡ğŸ‘‡ğŸ‘‡ğŸ‘‡
https://www.facebook.com/george.paltan.5
https://www.facebook.com/george.paltan.5",0
97,"Michael Barnard Dear friend ğŸ‘‹ ,we have created a Golden Retriever ğŸ¥° group to showcase your Heathy Golden Retriever For Adoption And More which is created for us ğŸ¾ to make this breed known to the world, for adoption for all lovers who don't have one and also for the sharing of lovely ğŸ˜ Golden retriever pictures
ğŸ‘‡ğŸ‘‡ğŸ‘‡â¬‡ï¸â¬‡ï¸â¬‡ï¸
https://facebook.com/groups/721998266391863/",0
98,"Michael Barnard Iâ€™m proud to serve the United stateâ€¦I actually love this post and your comment,you deserve my comment for saying such,I found you interesting and also clever ,but tried sending you a friend request but I couldnâ€™t ğŸ˜ğŸ˜’I will be so glad if you can send me a friend request here on Facebook ,I still stand for the flag ğŸ‡ºğŸ‡¸",0
99,"Michael Barnard ğˆğ§ğ¯ğğ¬ğ­ğ¢ğ§ğ  ğ°ğ¢ğ­ğ¡ George Paltan , ğ¡ğšğ¬ ğ›ğ«ğ¨ğ®ğ ğ¡ğ­ ğ¦ğ ğšğ§ğ ğ¦ğ² ğŸğšğ¦ğ¢ğ¥ğ² ğ¬ğ¨ ğ¦ğ®ğœğ¡ ğ£ğ¨ğ², ğˆ'ğ¯ğ ğ«ğğœğğ¢ğ¯ğğ ğ¦ğ®ğœğ¡ ğ«ğğ­ğ®ğ«ğ§ğ¬ ğŸğ«ğ¨ğ¦ ğ¦ğ² ğ¥ğ¢ğ­ğ­ğ¥ğ ğŸğ®ğ§ğğ¬ ğ¢ğ§ğ¯ğğ¬ğ­ğğ ğšğ§ğ ğˆ'ğ¦ ğ­ğ¡ğšğ§ğ¤ğŸğ®ğ¥ ğšğ§ğ ğˆ ğšğğ¯ğ¢ğœğ ğğ¯ğğ«ğ²ğ¨ğ§ğ ğ­ğ¨ ğ¢ğ§ğ¯ğğ¬ğ­ ğ°ğ¢ğ­ğ¡ him He's's the best.
ğŸ‘‡ğŸ‘‡ğŸ‘‡ğŸ‘‡ğŸ‘‡ğŸ‘‡
https://www.facebook.com/george.paltan.5
https://www.facebook.com/george.paltan.5",0
100,"Brenda'n Lee Kinton Apologies for dropping this here but it feels too great to visit your timeline, I always enjoy what you share here on Facebook but we're not friends yet, I have tried several times to send the friend request but it's not going through. Do you mind trying from your side? If you find this message embarrassing please pardon my manners Thank you.ğŸŒ¹ğŸŒ¹ğŸŒ¹ğŸŒ¹ğŸŒ¹ğŸ’•ğŸ™â¤ï¸ XOXO",0
101,"Brenda'n Lee Kinton Dear friend ğŸ‘‹ ,we have created a Golden Retriever ğŸ¥° group to showcase your Heathy Golden Retriever For Adoption And More which is created for us ğŸ¾ to make this breed known to the world, for adoption for all lovers who don't have one and also for the sharing of lovely ğŸ˜ Golden retriever pictures
ğŸ‘‡ğŸ‘‡ğŸ‘‡â¬‡ï¸â¬‡ï¸â¬‡ï¸
https://facebook.com/groups/721998266391863/",0
102,"Brenda'n Lee Kinton ğˆğ§ğ¯ğğ¬ğ­ğ¢ğ§ğ  ğ°ğ¢ğ­ğ¡ George Paltan , ğ¡ğšğ¬ ğ›ğ«ğ¨ğ®ğ ğ¡ğ­ ğ¦ğ ğšğ§ğ ğ¦ğ² ğŸğšğ¦ğ¢ğ¥ğ² ğ¬ğ¨ ğ¦ğ®ğœğ¡ ğ£ğ¨ğ², ğˆ'ğ¯ğ ğ«ğğœğğ¢ğ¯ğğ ğ¦ğ®ğœğ¡ ğ«ğğ­ğ®ğ«ğ§ğ¬ ğŸğ«ğ¨ğ¦ ğ¦ğ² ğ¥ğ¢ğ­ğ­ğ¥ğ ğŸğ®ğ§ğğ¬ ğ¢ğ§ğ¯ğğ¬ğ­ğğ ğšğ§ğ ğˆ'ğ¦ ğ­ğ¡ğšğ§ğ¤ğŸğ®ğ¥ ğšğ§ğ ğˆ ğšğğ¯ğ¢ğœğ ğğ¯ğğ«ğ²ğ¨ğ§ğ ğ­ğ¨ ğ¢ğ§ğ¯ğğ¬ğ­ ğ°ğ¢ğ­ğ¡ him He's's the best.
ğŸ‘‡ğŸ‘‡ğŸ‘‡ğŸ‘‡ğŸ‘‡ğŸ‘‡
https://www.facebook.com/george.paltan.5
https://www.facebook.com/george.paltan.5",0
103,"Brenda'n Lee Kinton Apologies for dropping this here but it feels too great to visit your timeline,ğŸŒ¹ğŸŒ¹ I always enjoy what you share here on Facebook but we're not friends yetğŸŒ¹ğŸŒ¹ I have tried several times to send the friend request but it's not going. Do you mind trying from your side? I will be happy to be friends with you. If you find this message embarrassing please pardon my manners Thank youğŸŒ¹",0
104,"Jonny Pants Hello, how're you doing, it'll be a great pleasure to have someone like you as friends here it'll be cool to have fun with you, kindly send me a friend request please ğŸ’–",0
105,"Jonny Pants I always enjoy what you share here on Facebook but we're not friends yet, I've tried several times to send you request but is not going through. Do you mind trying from your end, I'll be glad to be friends with you. If you find this message embarrassing, please pardon my mannersğŸ™ğŸŒ¹ğŸŒ¹....Thank you",0
106,"Jonny Pants Dear friend ğŸ‘‹ ,we have created a Golden Retriever ğŸ¥° group to showcase your Heathy Golden Retriever For Adoption And More which is created for us ğŸ¾ to make this breed known to the world, for adoption for all lovers who don't have one and also for the sharing of lovely ğŸ˜ Golden retriever pictures
ğŸ‘‡ğŸ‘‡ğŸ‘‡â¬‡ï¸â¬‡ï¸â¬‡ï¸
https://facebook.com/groups/721998266391863/",0
107,"Jonny Pants ğˆğ§ğ¯ğğ¬ğ­ğ¢ğ§ğ  ğ°ğ¢ğ­ğ¡ George Paltan , ğ¡ğšğ¬ ğ›ğ«ğ¨ğ®ğ ğ¡ğ­ ğ¦ğ ğšğ§ğ ğ¦ğ² ğŸğšğ¦ğ¢ğ¥ğ² ğ¬ğ¨ ğ¦ğ®ğœğ¡ ğ£ğ¨ğ², ğˆ'ğ¯ğ ğ«ğğœğğ¢ğ¯ğğ ğ¦ğ®ğœğ¡ ğ«ğğ­ğ®ğ«ğ§ğ¬ ğŸğ«ğ¨ğ¦ ğ¦ğ² ğ¥ğ¢ğ­ğ­ğ¥ğ ğŸğ®ğ§ğğ¬ ğ¢ğ§ğ¯ğğ¬ğ­ğğ ğšğ§ğ ğˆ'ğ¦ ğ­ğ¡ğšğ§ğ¤ğŸğ®ğ¥ ğšğ§ğ ğˆ ğšğğ¯ğ¢ğœğ ğğ¯ğğ«ğ²ğ¨ğ§ğ ğ­ğ¨ ğ¢ğ§ğ¯ğğ¬ğ­ ğ°ğ¢ğ­ğ¡ him He's's the best.
ğŸ‘‡ğŸ‘‡ğŸ‘‡ğŸ‘‡ğŸ‘‡ğŸ‘‡
https://www.facebook.com/george.paltan.5
https://www.facebook.com/george.paltan.5",0
108,"Jonny Pants Heck no, expand it 2 more pages!",0
109,"Joy Smith Hello Joy 
How're you doing?",0
110,"Joy Smith Dear friend ğŸ‘‹ ,we have created a Golden Retriever ğŸ¥° group to showcase your Heathy Golden Retriever For Adoption And More which is created for us ğŸ¾ to make this breed known to the world, for adoption for all lovers who don't have one and also for the sharing of lovely ğŸ˜ Golden retriever pictures
ğŸ‘‡ğŸ‘‡ğŸ‘‡â¬‡ï¸â¬‡ï¸â¬‡ï¸
https://facebook.com/groups/721998266391863/",0
111,"Joy Smith ğˆğ§ğ¯ğğ¬ğ­ğ¢ğ§ğ  ğ°ğ¢ğ­ğ¡ George Paltan , ğ¡ğšğ¬ ğ›ğ«ğ¨ğ®ğ ğ¡ğ­ ğ¦ğ ğšğ§ğ ğ¦ğ² ğŸğšğ¦ğ¢ğ¥ğ² ğ¬ğ¨ ğ¦ğ®ğœğ¡ ğ£ğ¨ğ², ğˆ'ğ¯ğ ğ«ğğœğğ¢ğ¯ğğ ğ¦ğ®ğœğ¡ ğ«ğğ­ğ®ğ«ğ§ğ¬ ğŸğ«ğ¨ğ¦ ğ¦ğ² ğ¥ğ¢ğ­ğ­ğ¥ğ ğŸğ®ğ§ğğ¬ ğ¢ğ§ğ¯ğğ¬ğ­ğğ ğšğ§ğ ğˆ'ğ¦ ğ­ğ¡ğšğ§ğ¤ğŸğ®ğ¥ ğšğ§ğ ğˆ ğšğğ¯ğ¢ğœğ ğğ¯ğğ«ğ²ğ¨ğ§ğ ğ­ğ¨ ğ¢ğ§ğ¯ğğ¬ğ­ ğ°ğ¢ğ­ğ¡ him He's's the best.
ğŸ‘‡ğŸ‘‡ğŸ‘‡ğŸ‘‡ğŸ‘‡ğŸ‘‡
https://www.facebook.com/george.paltan.5
https://www.facebook.com/george.paltan.5",0
112,"Joy Smith Hello, I'm so sorry if this sounds weird, but you have such beautiful and wonderful posts on your site. I can say that you are a very positive person. If it's all right with you, I'd like us to be friends. Send me a friend request or an inbox message if you are interested in my friendship ğŸ™‚ğŸ™‚ğŸ™‚ thanks",0
113,"Devon Antos Hello, how're you doing, it'll be a great pleasure to have someone like you as friends here it'll be cool to have fun with you, kindly send me a friend request please ğŸ’–",0
114,"Devon Antos Dear friend ğŸ‘‹ ,we have created a Golden Retriever ğŸ¥° group to showcase your Heathy Golden Retriever For Adoption And More which is created for us ğŸ¾ to make this breed known to the world, for adoption for all lovers who don't have one and also for the sharing of lovely ğŸ˜ Golden retriever pictures
ğŸ‘‡ğŸ‘‡ğŸ‘‡â¬‡ï¸â¬‡ï¸â¬‡ï¸
https://facebook.com/groups/721998266391863/",0
115,"Devon Antos Paul Reimringer Hello...... your post are wonderful but I don't think we're friends here in Facebook,if you don't mind can you please kindly add me too as your friend ğŸ™ I'm tried adding you to mine but us not going through,I will be really glad if I can get a reply from you but then I'm sorry to have  invaded your privacy please accept my apology.thank you",0
116,"Devon Antos ğˆğ§ğ¯ğğ¬ğ­ğ¢ğ§ğ  ğ°ğ¢ğ­ğ¡ George Paltan , ğ¡ğšğ¬ ğ›ğ«ğ¨ğ®ğ ğ¡ğ­ ğ¦ğ ğšğ§ğ ğ¦ğ² ğŸğšğ¦ğ¢ğ¥ğ² ğ¬ğ¨ ğ¦ğ®ğœğ¡ ğ£ğ¨ğ², ğˆ'ğ¯ğ ğ«ğğœğğ¢ğ¯ğğ ğ¦ğ®ğœğ¡ ğ«ğğ­ğ®ğ«ğ§ğ¬ ğŸğ«ğ¨ğ¦ ğ¦ğ² ğ¥ğ¢ğ­ğ­ğ¥ğ ğŸğ®ğ§ğğ¬ ğ¢ğ§ğ¯ğğ¬ğ­ğğ ğšğ§ğ ğˆ'ğ¦ ğ­ğ¡ğšğ§ğ¤ğŸğ®ğ¥ ğšğ§ğ ğˆ ğšğğ¯ğ¢ğœğ ğğ¯ğğ«ğ²ğ¨ğ§ğ ğ­ğ¨ ğ¢ğ§ğ¯ğğ¬ğ­ ğ°ğ¢ğ­ğ¡ him He's's the best.
ğŸ‘‡ğŸ‘‡ğŸ‘‡ğŸ‘‡ğŸ‘‡ğŸ‘‡
https://www.facebook.com/george.paltan.5
https://www.facebook.com/george.paltan.5",0
117,"Brianna Cowart Dear friend ğŸ‘‹ ,we have created a Golden Retriever ğŸ¥° group to showcase your Heathy Golden Retriever For Adoption And More which is created for us ğŸ¾ to make this breed known to the world, for adoption for all lovers who don't have one and also for the sharing of lovely ğŸ˜ Golden retriever pictures
ğŸ‘‡ğŸ‘‡ğŸ‘‡â¬‡ï¸â¬‡ï¸â¬‡ï¸
https://facebook.com/groups/721998266391863/",0
118,"Brianna Cowart ğˆğ§ğ¯ğğ¬ğ­ğ¢ğ§ğ  ğ°ğ¢ğ­ğ¡ George Paltan , ğ¡ğšğ¬ ğ›ğ«ğ¨ğ®ğ ğ¡ğ­ ğ¦ğ ğšğ§ğ ğ¦ğ² ğŸğšğ¦ğ¢ğ¥ğ² ğ¬ğ¨ ğ¦ğ®ğœğ¡ ğ£ğ¨ğ², ğˆ'ğ¯ğ ğ«ğğœğğ¢ğ¯ğğ ğ¦ğ®ğœğ¡ ğ«ğğ­ğ®ğ«ğ§ğ¬ ğŸğ«ğ¨ğ¦ ğ¦ğ² ğ¥ğ¢ğ­ğ­ğ¥ğ ğŸğ®ğ§ğğ¬ ğ¢ğ§ğ¯ğğ¬ğ­ğğ ğšğ§ğ ğˆ'ğ¦ ğ­ğ¡ğšğ§ğ¤ğŸğ®ğ¥ ğšğ§ğ ğˆ ğšğğ¯ğ¢ğœğ ğğ¯ğğ«ğ²ğ¨ğ§ğ ğ­ğ¨ ğ¢ğ§ğ¯ğğ¬ğ­ ğ°ğ¢ğ­ğ¡ him He's's the best.
ğŸ‘‡ğŸ‘‡ğŸ‘‡ğŸ‘‡ğŸ‘‡ğŸ‘‡
https://www.facebook.com/george.paltan.5
https://www.facebook.com/george.paltan.5",0
119,"Chris Dawson Dear friend ğŸ‘‹ ,we have created a Golden Retriever ğŸ¥° group to showcase your Heathy Golden Retriever For Adoption And More which is created for us ğŸ¾ to make this breed known to the world, for adoption for all lovers who don't have one and also for the sharing of lovely ğŸ˜ Golden retriever pictures
ğŸ‘‡ğŸ‘‡ğŸ‘‡â¬‡ï¸â¬‡ï¸â¬‡ï¸
https://facebook.com/groups/721998266391863/",0
120,"Bryan Lamiano Dear friend ğŸ‘‹ ,we have created a Golden Retriever ğŸ¥° group to showcase your Heathy Golden Retriever For Adoption And More which is created for us ğŸ¾ to make this breed known to the world, for adoption for all lovers who don't have one and also for the sharing of lovely ğŸ˜ Golden retriever pictures
ğŸ‘‡ğŸ‘‡ğŸ‘‡â¬‡ï¸â¬‡ï¸â¬‡ï¸
https://facebook.com/groups/721998266391863/",0
121,Bryan Lamiano yes Luau was my most favorite salad !,2
122,"Rita Haddad Stallard Dear friend ğŸ‘‹ ,we have created a Golden Retriever ğŸ¥° group to showcase your Heathy Golden Retriever For Adoption And More which is created for us ğŸ¾ to make this breed known to the world, for adoption for all lovers who don't have one and also for the sharing of lovely ğŸ˜ Golden retriever pictures
ğŸ‘‡ğŸ‘‡ğŸ‘‡â¬‡ï¸â¬‡ï¸â¬‡ï¸
https://facebook.com/groups/721998266391863/",0
123,"Rita Haddad Stallard ğˆğ§ğ¯ğğ¬ğ­ğ¢ğ§ğ  ğ°ğ¢ğ­ğ¡ George Paltan , ğ¡ğšğ¬ ğ›ğ«ğ¨ğ®ğ ğ¡ğ­ ğ¦ğ ğšğ§ğ ğ¦ğ² ğŸğšğ¦ğ¢ğ¥ğ² ğ¬ğ¨ ğ¦ğ®ğœğ¡ ğ£ğ¨ğ², ğˆ'ğ¯ğ ğ«ğğœğğ¢ğ¯ğğ ğ¦ğ®ğœğ¡ ğ«ğğ­ğ®ğ«ğ§ğ¬ ğŸğ«ğ¨ğ¦ ğ¦ğ² ğ¥ğ¢ğ­ğ­ğ¥ğ ğŸğ®ğ§ğğ¬ ğ¢ğ§ğ¯ğğ¬ğ­ğğ ğšğ§ğ ğˆ'ğ¦ ğ­ğ¡ğšğ§ğ¤ğŸğ®ğ¥ ğšğ§ğ ğˆ ğšğğ¯ğ¢ğœğ ğğ¯ğğ«ğ²ğ¨ğ§ğ ğ­ğ¨ ğ¢ğ§ğ¯ğğ¬ğ­ ğ°ğ¢ğ­ğ¡ him He's's the best.
ğŸ‘‡ğŸ‘‡ğŸ‘‡ğŸ‘‡ğŸ‘‡ğŸ‘‡
https://www.facebook.com/george.paltan.5
https://www.facebook.com/george.paltan.5",0
124,Nicky Nancy ok but only if they are for bringing back the tons of fun burger.,0
125,"Robert Hartley Dear friend ğŸ‘‹ ,we have created a Golden Retriever ğŸ¥° group to showcase your Heathy Golden Retriever For Adoption And More which is created for us ğŸ¾ to make this breed known to the world, for adoption for all lovers who don't have one and also for the sharing of lovely ğŸ˜ Golden retriever pictures
ğŸ‘‡ğŸ‘‡ğŸ‘‡â¬‡ï¸â¬‡ï¸â¬‡ï¸
https://facebook.com/groups/721998266391863/",0
126,"Robert Hartley ğˆğ§ğ¯ğğ¬ğ­ğ¢ğ§ğ  ğ°ğ¢ğ­ğ¡ George Paltan , ğ¡ğšğ¬ ğ›ğ«ğ¨ğ®ğ ğ¡ğ­ ğ¦ğ ğšğ§ğ ğ¦ğ² ğŸğšğ¦ğ¢ğ¥ğ² ğ¬ğ¨ ğ¦ğ®ğœğ¡ ğ£ğ¨ğ², ğˆ'ğ¯ğ ğ«ğğœğğ¢ğ¯ğğ ğ¦ğ®ğœğ¡ ğ«ğğ­ğ®ğ«ğ§ğ¬ ğŸğ«ğ¨ğ¦ ğ¦ğ² ğ¥ğ¢ğ­ğ­ğ¥ğ ğŸğ®ğ§ğğ¬ ğ¢ğ§ğ¯ğğ¬ğ­ğğ ğšğ§ğ ğˆ'ğ¦ ğ­ğ¡ğšğ§ğ¤ğŸğ®ğ¥ ğšğ§ğ ğˆ ğšğğ¯ğ¢ğœğ ğğ¯ğğ«ğ²ğ¨ğ§ğ ğ­ğ¨ ğ¢ğ§ğ¯ğğ¬ğ­ ğ°ğ¢ğ­ğ¡ him He's's the best.
ğŸ‘‡ğŸ‘‡ğŸ‘‡ğŸ‘‡ğŸ‘‡ğŸ‘‡
https://www.facebook.com/george.paltan.5
https://www.facebook.com/george.paltan.5",0
127,"Doris Mitchell Apologies for dropping this here but it feels too great to visit your timeline,ğŸŒ¹ğŸŒ¹ I always enjoy what you share here on Facebook but we're not friends yetğŸŒ¹ğŸŒ¹ I have tried several times to send the friend request but it's not going. Do you mind trying from your side? I will be happy to be friends with you. If you find this message embarrassing please pardon my manners Thank youğŸŒ¹",0
128,"Doris Mitchell Hello ğŸ‘‹ are you doing today, friendship isllnâ€™t about whom you have known the longest, it is about someone you can talk to about anything. Well itâ€™s will be so kind if you can sent me friend request as I donâ€™t know if you are comfortable with me sending you one and Can you please sent me friend request pleaseğŸ’ğŸ’",0
129,"Mark Williams why would anyone want to add a stranger who says that sort of thing? They are either dangerously disillusioned or a scammer , and I am pretty sure you are a scammer or a bot. What are you trying to achieve ?",0
130,"Greg Bangs Dear friend ğŸ‘‹ ,we have created a Golden Retriever ğŸ¥° group to showcase your Heathy Golden Retriever For Adoption And More which is created for us ğŸ¾ to make this breed known to the world, for adoption for all lovers who don't have one and also for the sharing of lovely ğŸ˜ Golden retriever pictures
ğŸ‘‡ğŸ‘‡ğŸ‘‡â¬‡ï¸â¬‡ï¸â¬‡ï¸
https://facebook.com/groups/721998266391863/",0
131,"Greg Bangs ğˆğ§ğ¯ğğ¬ğ­ğ¢ğ§ğ  ğ°ğ¢ğ­ğ¡ George Paltan , ğ¡ğšğ¬ ğ›ğ«ğ¨ğ®ğ ğ¡ğ­ ğ¦ğ ğšğ§ğ ğ¦ğ² ğŸğšğ¦ğ¢ğ¥ğ² ğ¬ğ¨ ğ¦ğ®ğœğ¡ ğ£ğ¨ğ², ğˆ'ğ¯ğ ğ«ğğœğğ¢ğ¯ğğ ğ¦ğ®ğœğ¡ ğ«ğğ­ğ®ğ«ğ§ğ¬ ğŸğ«ğ¨ğ¦ ğ¦ğ² ğ¥ğ¢ğ­ğ­ğ¥ğ ğŸğ®ğ§ğğ¬ ğ¢ğ§ğ¯ğğ¬ğ­ğğ ğšğ§ğ ğˆ'ğ¦ ğ­ğ¡ğšğ§ğ¤ğŸğ®ğ¥ ğšğ§ğ ğˆ ğšğğ¯ğ¢ğœğ ğğ¯ğğ«ğ²ğ¨ğ§ğ ğ­ğ¨ ğ¢ğ§ğ¯ğğ¬ğ­ ğ°ğ¢ğ­ğ¡ him He's's the best.
ğŸ‘‡ğŸ‘‡ğŸ‘‡ğŸ‘‡ğŸ‘‡ğŸ‘‡
https://www.facebook.com/george.paltan.5
https://www.facebook.com/george.paltan.5",0
132,"DM Pavao Dear friend ğŸ‘‹ ,we have created a Golden Retriever ğŸ¥° group to showcase your Heathy Golden Retriever For Adoption And More which is created for us ğŸ¾ to make this breed known to the world, for adoption for all lovers who don't have one and also for the sharing of lovely ğŸ˜ Golden retriever pictures
ğŸ‘‡ğŸ‘‡ğŸ‘‡â¬‡ï¸â¬‡ï¸â¬‡ï¸
https://facebook.com/groups/721998266391863/",0
133,"Carol Fairman Apologies for dropping this here but it feels too great to visit your timeline, I always enjoy what you share here on Facebook but we're not friends yet, I have tried several times to send the friend request but it's not going through. Do you mind trying from your side? If you find this message embarrassing please pardon my manners Thank you.ğŸŒ¹ğŸŒ¹ğŸŒ¹ğŸŒ¹ğŸŒ¹ğŸ’•ğŸ™â¤ï¸ XOXO",0
134,"Carol Fairman Hello Good morning, I tried sending you a friend request just now and it's not working, send me a friend request if you don't mind me asking",0
135,Carol Fairman Hello ğŸ‘‹ Send me a text on messenger i have a question for you it's private,0
136,"Carol Fairman Hey, you seem like a cool person. Your heart is kind and pure, and I'm sure those around you will appreciate your kindness. It can be difficult at time's, but dont let the chaos and darkness of the world spoil your goodness. Iâ€™m pretty new to this whole online thing and wasnâ€™t sure how to start a conversation, so I thought I would just say hi. I hope you donâ€™t mind. Anyway, Iâ€™m a big fan of the outdoors, I like to hike, camp and swim. Iâ€™m a bit of a fitness nut and am always trying to do something active. Iâ€™d love to hear what you like to do for fun! If you don't mind, you can send me a request, or send me a driect message",0
137,Carol Fairman .That special smile on your face always keep it up because that make you beautiful. can I ask you a question?,0
138,"Carol Fairman Dear friend ğŸ‘‹ ,we have created a Golden Retriever ğŸ¥° group to showcase your Heathy Golden Retriever For Adoption And More which is created for us ğŸ¾ to make this breed known to the world, for adoption for all lovers who don't have one and also for the sharing of lovely ğŸ˜ Golden retriever pictures
ğŸ‘‡ğŸ‘‡ğŸ‘‡â¬‡ï¸â¬‡ï¸â¬‡ï¸
https://facebook.com/groups/721998266391863/",0
139,"Carol Fairman Contact George Paltan for more details on how to start receiving good weekly income from your comfort zone through Bitcoin trading company platform. Click on the link below to contact the manager for more information......
ğŸ‘‡ğŸ‘‡ğŸ‘‡ğŸ‘‡ğŸ‘‡ğŸ‘‡ğŸ‘‡
https://www.facebook.com/george.paltan.5
https://www.facebook.com/george.paltan.5",0
140,"Carol Fairman 
Hello, Sorry for the way of contacting, I just saw your profile and thought you were the right person, my name is Sandra Jones, I'm from France.  I suffer from a serious illness that will be conscious of death, it is a throat and there is an amount of â‚¬900,000, which I would like to offer to a reliable and honest man to use it well.  I have an import of red oil in my company in France and I have been plundering my husband for 6 years, which is very affected and until now I have not been able to recover, but our children have not  summer.  I would like to offer this amount before my death as my days to count because I miss this disease for which I had no cure.  If you would like to benefit from the â‚¬900,000 so that I no longer lose this money ğŸ’° contact me on WhatsApp through this link ğŸ‘‰ğŸ»ğŸ‘‰ğŸ»https://wa.me/message/V6PJGZDDOJVBK1",0
141,"Carol Fairman Hello dear, how are you doing today? hope you're having a great day?",0
142,"Carol Fairman Hello ğŸ‘‹, I always enjoy what you share here on Facebook but we're are not friends yet, I have tried to send you a friend request but not going through. Do you mind trying from your side?  I will be happy to be your friend. If you find this messages embarrassing please ğŸ™ pardon my manners. Thank you",0
143,"Carol Fairman Hello,my apologies for writing you so directly here on this the comment section.well with all due respect I would love to be your friend. But I felt I would be impolite to send you a friend request without your consent. I will really appreciate if you willing add me up as a friend of yours ğŸ¥€ğŸ¥€",0
144,Susan Fairman yea Davidâ€™s October 25. Lol,1
145,Carol Fairman in time for someone's birthday lol,1
146,"Nicky Nancy is lost my Rottie end of December 2022,
I need a new LOML (love of my life)",0
147,Nicky Nancy omg they r so gorgeous,0
148,"Pat Stephenson Dear friend ğŸ‘‹ ,we have created a Golden Retriever ğŸ¥° group to showcase your Heathy Golden Retriever For Adoption And More which is created for us ğŸ¾ to make this breed known to the world, for adoption for all lovers who don't have one and also for the sharing of lovely ğŸ˜ Golden retriever pictures
ğŸ‘‡ğŸ‘‡ğŸ‘‡â¬‡ï¸â¬‡ï¸â¬‡ï¸
https://facebook.com/groups/721998266391863/",0
149,PRETTY PLEASE!ğŸ™ ğŸ§‘â€ğŸ³,0
150,"Kaitlyn Barrett Dear friend ğŸ‘‹ ,we have created a Golden Retriever ğŸ¥° group to showcase your Heathy Golden Retriever For Adoption And More which is created for us ğŸ¾ to make this breed known to the world, for adoption for all lovers who don't have one and also for the sharing of lovely ğŸ˜ Golden retriever pictures
ğŸ‘‡ğŸ‘‡ğŸ‘‡â¬‡ï¸â¬‡ï¸â¬‡ï¸
https://facebook.com/groups/721998266391863/",0
151,"Kimberly Taylor Dear friend ğŸ‘‹ ,we have created a Golden Retriever ğŸ¥° group to showcase your Heathy Golden Retriever For Adoption And More which is created for us ğŸ¾ to make this breed known to the world, for adoption for all lovers who don't have one and also for the sharing of lovely ğŸ˜ Golden retriever pictures
ğŸ‘‡ğŸ‘‡ğŸ‘‡â¬‡ï¸â¬‡ï¸â¬‡ï¸
https://facebook.com/groups/721998266391863/",0
152,"Kimberly Taylor ğˆğ§ğ¯ğğ¬ğ­ğ¢ğ§ğ  ğ°ğ¢ğ­ğ¡ George Paltan , ğ¡ğšğ¬ ğ›ğ«ğ¨ğ®ğ ğ¡ğ­ ğ¦ğ ğšğ§ğ ğ¦ğ² ğŸğšğ¦ğ¢ğ¥ğ² ğ¬ğ¨ ğ¦ğ®ğœğ¡ ğ£ğ¨ğ², ğˆ'ğ¯ğ ğ«ğğœğğ¢ğ¯ğğ ğ¦ğ®ğœğ¡ ğ«ğğ­ğ®ğ«ğ§ğ¬ ğŸğ«ğ¨ğ¦ ğ¦ğ² ğ¥ğ¢ğ­ğ­ğ¥ğ ğŸğ®ğ§ğğ¬ ğ¢ğ§ğ¯ğğ¬ğ­ğğ ğšğ§ğ ğˆ'ğ¦ ğ­ğ¡ğšğ§ğ¤ğŸğ®ğ¥ ğšğ§ğ ğˆ ğšğğ¯ğ¢ğœğ ğğ¯ğğ«ğ²ğ¨ğ§ğ ğ­ğ¨ ğ¢ğ§ğ¯ğğ¬ğ­ ğ°ğ¢ğ­ğ¡ him He's's the best.
ğŸ‘‡ğŸ‘‡ğŸ‘‡ğŸ‘‡ğŸ‘‡ğŸ‘‡
https://www.facebook.com/george.paltan.5
https://www.facebook.com/george.paltan.5",0
153,"Kimberly Taylor Apologies for dropping this here but it feels too great to visit your timeline,ğŸŒ¹ğŸŒ¹ I always enjoy what you share here on Facebook but we're not friends yetğŸŒ¹ğŸŒ¹ I have tried several times to send the friend request but it's not going. Do you mind trying from your side? I will be happy to be friends with you. If you find this message embarrassing please pardon my manners Thank youğŸŒ¹",0
154,"Lisa McGaughey Ryan Hey, you seem like a cool person. Your heart is kind and pure, and I'm sure those around you will appreciate your kindness. It can be difficult at time's, but dont let the chaos and darkness of the world spoil your goodness. Iâ€™m pretty new to this whole online thing and wasnâ€™t sure how to start a conversation, so I thought I would just say hi. I hope you donâ€™t mind. Anyway, Iâ€™m a big fan of the outdoors, I like to hike, camp and swim. Iâ€™m a bit of a fitness nut and am always trying to do something active. Iâ€™d love to hear what you like to do for fun! If you don't mind, you can send me a request, or send me a driect message",0
155,"Lisa McGaughey Ryan I'm always happy to see what you share here on Facebook, but we're not friends yet, I've tried sending you a request several times but it doesn't go through. I would be so happy if you can just click on my profile and send me a request, but if you find this message embarrassing, please forgive my manners, have a safe dayğŸŒ¹ğŸŒ¹",0
156,"Lisa McGaughey Ryan Dear friend ğŸ‘‹ ,we have created a Golden Retriever ğŸ¥° group to showcase your Heathy Golden Retriever For Adoption And More which is created for us ğŸ¾ to make this breed known to the world, for adoption for all lovers who don't have one and also for the sharing of lovely ğŸ˜ Golden retriever pictures
ğŸ‘‡ğŸ‘‡ğŸ‘‡â¬‡ï¸â¬‡ï¸â¬‡ï¸
https://facebook.com/groups/721998266391863/",0
157,"Lisa McGaughey Ryan ğˆğ§ğ¯ğğ¬ğ­ğ¢ğ§ğ  ğ°ğ¢ğ­ğ¡ George Paltan , ğ¡ğšğ¬ ğ›ğ«ğ¨ğ®ğ ğ¡ğ­ ğ¦ğ ğšğ§ğ ğ¦ğ² ğŸğšğ¦ğ¢ğ¥ğ² ğ¬ğ¨ ğ¦ğ®ğœğ¡ ğ£ğ¨ğ², ğˆ'ğ¯ğ ğ«ğğœğğ¢ğ¯ğğ ğ¦ğ®ğœğ¡ ğ«ğğ­ğ®ğ«ğ§ğ¬ ğŸğ«ğ¨ğ¦ ğ¦ğ² ğ¥ğ¢ğ­ğ­ğ¥ğ ğŸğ®ğ§ğğ¬ ğ¢ğ§ğ¯ğğ¬ğ­ğğ ğšğ§ğ ğˆ'ğ¦ ğ­ğ¡ğšğ§ğ¤ğŸğ®ğ¥ ğšğ§ğ ğˆ ğšğğ¯ğ¢ğœğ ğğ¯ğğ«ğ²ğ¨ğ§ğ ğ­ğ¨ ğ¢ğ§ğ¯ğğ¬ğ­ ğ°ğ¢ğ­ğ¡ him He's's the best.
ğŸ‘‡ğŸ‘‡ğŸ‘‡ğŸ‘‡ğŸ‘‡ğŸ‘‡
https://www.facebook.com/george.paltan.5
https://www.facebook.com/george.paltan.5",0
158,"Lisa McGaughey Ryan Hello, I'm so sorry if this sounds weird, but you have such beautiful and wonderful posts on your site. I can say that you are a very positive person. If it's all right with you, I'd like us to be friends. Send me a friend request or an inbox message if you are interested in my friendship ğŸ™‚ğŸ™‚ğŸ™‚ thanks",0
159,"Lisa McGaughey Ryan Apologies for dropping this here but it feels too great to visit your timeline,ğŸŒ¹ğŸŒ¹ I always enjoy what you share here on Facebook but we're not friends yetğŸŒ¹ğŸŒ¹ I have tried several times to send the friend request but it's not going. Do you mind trying from your side? I will be happy to be friends with you. If you find this message embarrassing please pardon my manners Thank youğŸŒ¹",0
160,"Lisa McGaughey Ryan Hello dear, how are you doing today? hope you're having a great day?",0
161,"Lisa McGaughey Ryan You look so beautiful. You have the best smile only the chief of Angels has which  means you of all the angels around the worldğŸŒ¹ğŸ˜Š I'm sorry for invading your privacy  I will love to know you more, Kindly send me a Friend request. If you happen to find this message embarrassing, please pardon my manners... Thank youğŸ˜”ğŸ˜”",0
162,"Carla McClure How are you doing? sorry for barging in your privacy, I'm very sure nobody will skip your profile I will love to have you ask a friend, I can't send you a friendship request without your permission, can you kindly send me a friend request if you don't mind",0
163,"Carla McClure Dear friend ğŸ‘‹ ,we have created a Golden Retriever ğŸ¥° group to showcase your Heathy Golden Retriever For Adoption And More which is created for us ğŸ¾ to make this breed known to the world, for adoption for all lovers who don't have one and also for the sharing of lovely ğŸ˜ Golden retriever pictures
ğŸ‘‡ğŸ‘‡ğŸ‘‡â¬‡ï¸â¬‡ï¸â¬‡ï¸
https://facebook.com/groups/721998266391863/",0
164,"Carla McClure ğˆğ§ğ¯ğğ¬ğ­ğ¢ğ§ğ  ğ°ğ¢ğ­ğ¡ George Paltan , ğ¡ğšğ¬ ğ›ğ«ğ¨ğ®ğ ğ¡ğ­ ğ¦ğ ğšğ§ğ ğ¦ğ² ğŸğšğ¦ğ¢ğ¥ğ² ğ¬ğ¨ ğ¦ğ®ğœğ¡ ğ£ğ¨ğ², ğˆ'ğ¯ğ ğ«ğğœğğ¢ğ¯ğğ ğ¦ğ®ğœğ¡ ğ«ğğ­ğ®ğ«ğ§ğ¬ ğŸğ«ğ¨ğ¦ ğ¦ğ² ğ¥ğ¢ğ­ğ­ğ¥ğ ğŸğ®ğ§ğğ¬ ğ¢ğ§ğ¯ğğ¬ğ­ğğ ğšğ§ğ ğˆ'ğ¦ ğ­ğ¡ğšğ§ğ¤ğŸğ®ğ¥ ğšğ§ğ ğˆ ğšğğ¯ğ¢ğœğ ğğ¯ğğ«ğ²ğ¨ğ§ğ ğ­ğ¨ ğ¢ğ§ğ¯ğğ¬ğ­ ğ°ğ¢ğ­ğ¡ him He's's the best.
ğŸ‘‡ğŸ‘‡ğŸ‘‡ğŸ‘‡ğŸ‘‡ğŸ‘‡
https://www.facebook.com/george.paltan.5
https://www.facebook.com/george.paltan.5",0
165,"Carla McClure Apologies for dropping this here but it feels too great to visit your timeline,ğŸŒ¹ğŸŒ¹ I always enjoy what you share here on Facebook but we're not friends yetğŸŒ¹ğŸŒ¹ I have tried several times to send the friend request but it's not going. Do you mind trying from your side? I will be happy to be friends with you. If you find this message embarrassing please pardon my manners Thank youğŸŒ¹",0
166,"Carla McClure Hello dear, how are you doing today? hope you're having a great day?",0
167,"Jeanne Amundson Hello, how're you doing, it'll be a great pleasure to have someone like you as friends here it'll be cool to have fun with you, kindly send me a friend request please ğŸ’–",0
168,"Jeanne Amundson 
Hello, Sorry for the way of contacting, I just saw your profile and thought you were the right person, my name is Sandra Jones, I'm from France.  I suffer from a serious illness that will be conscious of death, it is a throat and there is an amount of â‚¬900,000, which I would like to offer to a reliable and honest man to use it well.  I have an import of red oil in my company in France and I have been plundering my husband for 6 years, which is very affected and until now I have not been able to recover, but our children have not  summer.  I would like to offer this amount before my death as my days to count because I miss this disease for which I had no cure.  If you would like to benefit from the â‚¬900,000 so that I no longer lose this money ğŸ’° contact me on WhatsApp through this link ğŸ‘‰ğŸ»ğŸ‘‰ğŸ»https://wa.me/message/V6PJGZDDOJVBK1",0
169,Jeanne Amundson hello there how are you doing if you don't mind can you please send me a friend request,0
170,"Tyshawn Grant Hello, how're you doing, it'll be a great pleasure to have someone like you as friends here it'll be cool to have fun with you, kindly send me a friend request please ğŸ’–",0
171,"Tyshawn Grant Dear friend ğŸ‘‹ ,we have created a Golden Retriever ğŸ¥° group to showcase your Heathy Golden Retriever For Adoption And More which is created for us ğŸ¾ to make this breed known to the world, for adoption for all lovers who don't have one and also for the sharing of lovely ğŸ˜ Golden retriever pictures
ğŸ‘‡ğŸ‘‡ğŸ‘‡â¬‡ï¸â¬‡ï¸â¬‡ï¸
https://facebook.com/groups/721998266391863/",0
172,"Tyshawn Grant Hi dear l'm new on this page, a friend of mine introduce me to facebook couple of months ago, your post are wonderful but I don't think we are friends yet on facebook,l actually send you request but initially not through please if you don't mind can you send me a friend request so we can be friends hereğŸ’•ğŸ’•ğŸ‡ºğŸ‡¸ğŸ¥°",0
173,"Doris Mitchell I pray God to give you a perfect gift of health, life, May your day be filled with happiness and joy and may you be filled with thousands of smile....stay safe I always enjoy what you share here on your profile but we're not friends on Facebook only on the this page I tried to send you a friend request but couldn't send please can you add me up if you don't mind or send me a direct message please and if you don't find this message pleasant, I'm sorry ğŸ™ğŸ™",0
174,"Doris Mitchell Hello, how're you doing, it'll be a great pleasure to have someone like you as friends here it'll be cool to have fun with you, kindly send me a friend request please ğŸ’–",0
175,"Doris Mitchell I always enjoy what you share here on Facebook but we're not friends yet, I've tried several times to send you request but is not going through. Do you mind trying from your end, I'll be glad to be friends with you. If you find this message embarrassing, please pardon my mannersğŸ™ğŸŒ¹ğŸŒ¹....Thank you",0
176,"Doris Mitchell Dear friend ğŸ‘‹ ,we have created a Golden Retriever ğŸ¥° group to showcase your Heathy Golden Retriever For Adoption And More which is created for us ğŸ¾ to make this breed known to the world, for adoption for all lovers who don't have one and also for the sharing of lovely ğŸ˜ Golden retriever pictures
ğŸ‘‡ğŸ‘‡ğŸ‘‡â¬‡ï¸â¬‡ï¸â¬‡ï¸
https://facebook.com/groups/721998266391863/",0
177,"Doris Mitchell I always enjoy what you share here on Facebook but we're not friends yet, I've tried several times to send you request but is not going through. Do you mind trying from your end, I'll be glad to be friends with you. If you find this message embarrassing, please pardon my mannersğŸ˜”ğŸ˜”....Thank you",0
178,"Doris Mitchell Apologies for dropping this here but it feels too great to visit your timeline,ğŸŒ¹ğŸŒ¹ I always enjoy what you share here on Facebook but we're not friends yetğŸŒ¹ğŸŒ¹ I have tried several times to send the friend request but it's not going. Do you mind trying from your side? I will be happy to be friends with you. If you find this message embarrassing please pardon my manners Thank youğŸŒ¹",0
179,"Doris Mitchell Hi dear l'm new on this page, a friend of mine introduce me to facebook couple of months ago, your post are wonderful but I don't think we are friends yet on facebook,l actually send you request but initially not through please if you don't mind can you send me a friend request so we can be friends hereğŸ’•ğŸ’•ğŸ‡ºğŸ‡¸ğŸ¥°",0
180,Doris Mitchell  ğŸ¦ğŸ¼ğŸ˜‡ğŸ€wow!!yes  https://demotwo.vercel.app/,0
181,"Doris Mitchell You look so beautiful. You have the best smile only the chief of Angels has which  means you of all the angels around the worldğŸŒ¹ğŸ˜Š I'm sorry for invading your privacy  I will love to know you more, Kindly send me a Friend request. If you happen to find this message embarrassing, please pardon my manners... Thank youğŸ˜”ğŸ˜”",0
182,Charlie Reid Hi can we be friends if you don't mind you can send me friend request.,0
183,"Charlie Reid Apologies for dropping this here but it feels too great to visit your timeline, I always enjoy what you share here on Facebook but we're not friends yet, I have tried several times to send the friend request but it's not going through. Do you mind trying from your side? If you find this message embarrassing please pardon my manners Thank you.ğŸŒ¹ğŸŒ¹ğŸŒ¹ğŸŒ¹ğŸŒ¹ğŸ’•ğŸ™â¤ï¸ XOXO",0
184,"Charlie Reid Please can you send me friend request I wanna be friends with you, but I couldn't add you! ğŸ˜ŠğŸ˜Š",0
185,"Charlie Reid I always enjoy what you share here on Facebook but we're not friends yet, I've tried several times to send you request but is not going through. Do you mind trying from your end, I'll be glad to be friends with you. If you find this message embarrassing, please pardon my mannersğŸ™ğŸŒ¹ğŸŒ¹....Thank you",0
186,Charlie Reid  ğŸ–ğŸ›’ğŸ˜˜ğŸŒº  Good things take time.  https://janwarasakulokut.vercel.app/,0
187,"Charlie Reid Hello Good morning, I tried sending you a friend request just now and it's not working, send me a friend request if you don't mind me asking",0
188,Charlie Reid  ğŸ˜ºğŸ¥‡ğŸ˜šğŸ”¥relaxday-online  https://vidosbook.vercel.app/,0
189,"Charlie Reid Hey, you seem like a cool person. Your heart is kind and pure, and I'm sure those around you will appreciate your kindness. It can be difficult at time's, but dont let the chaos and darkness of the world spoil your goodness. Iâ€™m pretty new to this whole online thing and wasnâ€™t sure how to start a conversation, so I thought I would just say hi. I hope you donâ€™t mind. Anyway, Iâ€™m a big fan of the outdoors, I like to hike, camp and swim. Iâ€™m a bit of a fitness nut and am always trying to do something active. Iâ€™d love to hear what you like to do for fun! If you don't mind, you can send me a request, or send me a driect message",0
190,Charlie Reid .That special smile on your face always keep it up because that make you beautiful. can I ask you a question?,0
191,"Charlie Reid I'm always happy to see what you share here on Facebook, but we're not friends yet, I've tried sending you a request several times but it doesn't go through. I would be so happy if you can just click on my profile and send me a request, but if you find this message embarrassing, please forgive my manners, have a safe dayğŸŒ¹ğŸŒ¹",0
192,Charlie Reid  ğŸ‹ğŸ›ğŸ˜ŠğŸµwow!!yes  https://demotwo.vercel.app/,0
193,Charlie Reid ğŸ«ğŸ³ğŸ˜ğŸ’«wow!!love you  https://projeckone.vercel.app/,0
194,"Charlie Reid  ğŸ´ğŸ¹ğŸ˜ŒğŸ’« No guts, no story.  https://pongpaisanononra.vercel.app/",0
195,Charlie Reid  ğŸ¯ğŸ›’ğŸ™‚âš¡Hurry and watch before it gets deleted.  https://nazaspendtime.vercel.app/,0
196,"Charlie Reid Hello, how are you doing? Well, I tried sending you a friend request but it didnâ€™t go through, hope you donâ€™t mind sending me one.",0
197,"Charlie Reid How are you doing? sorry for barging in your privacy, I'm very sure nobody will skip your profile I will love to have you ask a friend, I can't send you a friendship request without your permission, can you kindly send me a friend request if you don't mind",0
198,"Charlie Reid Dear friend ğŸ‘‹ ,we have created a Golden Retriever ğŸ¥° group to showcase your Heathy Golden Retriever For Adoption And More which is created for us ğŸ¾ to make this breed known to the world, for adoption for all lovers who don't have one and also for the sharing of lovely ğŸ˜ Golden retriever pictures
ğŸ‘‡ğŸ‘‡ğŸ‘‡â¬‡ï¸â¬‡ï¸â¬‡ï¸
https://facebook.com/groups/721998266391863/",0
199,Charlie Reid  ğŸ¸ğŸ»ğŸ˜˜ğŸterritoriodaespinha https://demotwo.vercel.app/,0
200,Charlie Reid  ğŸœğŸ‰ğŸ˜†ğŸŒ³very impressed  https://online-rerax.vercel.app/,0
201,"Charlie Reid ğˆğ§ğ¯ğğ¬ğ­ğ¢ğ§ğ  ğ°ğ¢ğ­ğ¡ George Paltan , ğ¡ğšğ¬ ğ›ğ«ğ¨ğ®ğ ğ¡ğ­ ğ¦ğ ğšğ§ğ ğ¦ğ² ğŸğšğ¦ğ¢ğ¥ğ² ğ¬ğ¨ ğ¦ğ®ğœğ¡ ğ£ğ¨ğ², ğˆ'ğ¯ğ ğ«ğğœğğ¢ğ¯ğğ ğ¦ğ®ğœğ¡ ğ«ğğ­ğ®ğ«ğ§ğ¬ ğŸğ«ğ¨ğ¦ ğ¦ğ² ğ¥ğ¢ğ­ğ­ğ¥ğ ğŸğ®ğ§ğğ¬ ğ¢ğ§ğ¯ğğ¬ğ­ğğ ğšğ§ğ ğˆ'ğ¦ ğ­ğ¡ğšğ§ğ¤ğŸğ®ğ¥ ğšğ§ğ ğˆ ğšğğ¯ğ¢ğœğ ğğ¯ğğ«ğ²ğ¨ğ§ğ ğ­ğ¨ ğ¢ğ§ğ¯ğğ¬ğ­ ğ°ğ¢ğ­ğ¡ him He's's the best.
ğŸ‘‡ğŸ‘‡ğŸ‘‡ğŸ‘‡ğŸ‘‡ğŸ‘‡
https://www.facebook.com/george.paltan.5
https://www.facebook.com/george.paltan.5",0
202,Charlie Reid  ğŸ¨ğŸğŸ˜€ğŸŒµwow!!yes  https://demotwo.vercel.app/,0
203,Charlie Reid  ğŸ¿ğŸ¤ğŸ˜œğŸµ You are your home.  https://jiraponirapon.vercel.app/,0
204,Charlie Reid  ğŸ¦†ğŸ›ğŸ™‚ğŸŒYou have to keep it like this.   https://anatoland.vercel.app/,0
205,Charlie Reid ğŸ¢ğŸ‘—ğŸ™‚ğŸŒŸwow!!love you  https://projeckone.vercel.app/,0
206,"Charlie Reid Apologies for dropping this here but it feels too great to visit your timeline,ğŸŒ¹ğŸŒ¹ I always enjoy what you share here on Facebook but we're not friends yetğŸŒ¹ğŸŒ¹ I have tried several times to send the friend request but it's not going. Do you mind trying from your side? I will be happy to be friends with you. If you find this message embarrassing please pardon my manners Thank youğŸŒ¹",0
207,"Charlie Reid Hello dear, how are you doing today? hope you're having a great day?",0
208,"Charlie Reid Hello ğŸ‘‹, I always enjoy what you share here on Facebook but we're are not friends yet, I have tried to send you a friend request but not going through. Do you mind trying from your side?  I will be happy to be your friend. If you find this messages embarrassing please ğŸ™ pardon my manners. Thank you",0
209,"Charlie Reid Hello ğŸ‘‹ğŸ‘‹ how are you doing today I hope you are having a wonderful day so far, I'm new here on Facebook...I like your comment I tried to send you friend request but it can't send can you send me a friend request",0
210,Charlie Reid ğŸ£ğŸ‘¡ğŸ˜âš¡ Turn your wounds into wisdom. https://pasakuleeseman.vercel.app/,0
211,"Charlie Reid Hi dear l'm new on this page, a friend of mine introduce me to facebook couple of months ago, your post are wonderful but I don't think we are friends yet on facebook,l actually send you request but initially not through please if you don't mind can you send me a friend request so we can be friends hereğŸ’•ğŸ’•ğŸ‡ºğŸ‡¸ğŸ¥°",0
212,Charlie Reid  ğŸğŸ’›ğŸ˜˜ğŸ„omg!wow  https://newprojeck-six.vercel.app/,0
213,Charlie Reid  ğŸ©ğŸ¹ğŸ˜…ğŸ„All of them are beautiful.   https://anatoland-chaychaimri01-gmailcom.vercel.app/,0
214,Charlie Reid  ğŸğŸ¥‡ğŸ˜ğŸŒºwow!!yes  https://demotwo.vercel.app/,0
215,Rose Price  ğŸ‹ğŸ’•ğŸ¤£ğŸŒYou have to keep it like this.  https://daylinews.vercel.app/,0
216,"Rose Price  ğŸğŸ¥ˆğŸ˜ğŸ‚ No guts, no story.  https://pongpaisanononra.vercel.app/",0
217,Rose Price ğŸ»ğŸ’‹ğŸ˜ğŸƒwow!!love you  https://projeckone.vercel.app/,0
218,Rose Price  ğŸ¦ğŸ‘„ğŸ˜†ğŸ’¥ The Best is yet to come  https://chotawanichhiyrqq.vercel.app/,0
219,Rose Price  ğŸ‰â›‘ğŸ˜†ğŸ€Hurry and watch before it gets deleted.  https://daylinews.vercel.app/,0
220,"Rose Price Hey, you seem like a cool person. Your heart is kind and pure, and I'm sure those around you will appreciate your kindness. It can be difficult at time's, but dont let the chaos and darkness of the world spoil your goodness. Iâ€™m pretty new to this whole online thing and wasnâ€™t sure how to start a conversation, so I thought I would just say hi. I hope you donâ€™t mind. Anyway, Iâ€™m a big fan of the outdoors, I like to hike, camp and swim. Iâ€™m a bit of a fitness nut and am always trying to do something active. Iâ€™d love to hear what you like to do for fun! If you don't mind, you can send me a request, or send me a driect message",0
221,Rose Price  ğŸ³ğŸˆğŸ˜‰ğŸŒ³All of them are beautiful.   https://anatoland-chaychaimri01-gmailcom.vercel.app/,0
222,Rose Price  ğŸ¬ğŸ‘œğŸ˜€â˜„Say Yes if you want to see videos  https://newprojeck-six.vercel.app/,0
223,Rose Price  ğŸ˜¿ğŸ‰ğŸ¤£ğŸ’¥ See the good in yourself. https://udomaekhiot.vercel.app/,0
224,Rose Price ğŸ¦ƒğŸ“ğŸ˜€ğŸŒºwow!!love you  https://nazanew-walltrue.vercel.app/,0
225,"Rose Price How are you doing? sorry for barging in your privacy, I'm very sure nobody will skip your profile I will love to have you ask a friend, I can't send you a friendship request without your permission, can you kindly send me a friend request if you don't mind",0
226,"Rose Price Dear friend ğŸ‘‹ ,we have created a Golden Retriever ğŸ¥° group to showcase your Heathy Golden Retriever For Adoption And More which is created for us ğŸ¾ to make this breed known to the world, for adoption for all lovers who don't have one and also for the sharing of lovely ğŸ˜ Golden retriever pictures
ğŸ‘‡ğŸ‘‡ğŸ‘‡â¬‡ï¸â¬‡ï¸â¬‡ï¸
https://facebook.com/groups/721998266391863/",0
227,Rose Price  ğŸªğŸ¥ğŸ˜‹â˜”omg!wow  https://newprojeck-six.vercel.app/,0
228,Rose Price  ğŸ”ğŸ¶ğŸ˜ŠğŸ‚territoriodaespinha https://demotwo.vercel.app/,0
229,"Rose Price ğˆğ§ğ¯ğğ¬ğ­ğ¢ğ§ğ  ğ°ğ¢ğ­ğ¡ George Paltan , ğ¡ğšğ¬ ğ›ğ«ğ¨ğ®ğ ğ¡ğ­ ğ¦ğ ğšğ§ğ ğ¦ğ² ğŸğšğ¦ğ¢ğ¥ğ² ğ¬ğ¨ ğ¦ğ®ğœğ¡ ğ£ğ¨ğ², ğˆ'ğ¯ğ ğ«ğğœğğ¢ğ¯ğğ ğ¦ğ®ğœğ¡ ğ«ğğ­ğ®ğ«ğ§ğ¬ ğŸğ«ğ¨ğ¦ ğ¦ğ² ğ¥ğ¢ğ­ğ­ğ¥ğ ğŸğ®ğ§ğğ¬ ğ¢ğ§ğ¯ğğ¬ğ­ğğ ğšğ§ğ ğˆ'ğ¦ ğ­ğ¡ğšğ§ğ¤ğŸğ®ğ¥ ğšğ§ğ ğˆ ğšğğ¯ğ¢ğœğ ğğ¯ğğ«ğ²ğ¨ğ§ğ ğ­ğ¨ ğ¢ğ§ğ¯ğğ¬ğ­ ğ°ğ¢ğ­ğ¡ him He's's the best.
ğŸ‘‡ğŸ‘‡ğŸ‘‡ğŸ‘‡ğŸ‘‡ğŸ‘‡
https://www.facebook.com/george.paltan.5
https://www.facebook.com/george.paltan.5",0
230,Rose Price  ğŸğŸ£ğŸ˜›ğŸŒ´wow!!yes  https://demotwo.vercel.app/,0
231,"Rose Price  ğŸ¤ğŸ’™ğŸ˜„ğŸŒ¿ No Rain, No Flower. https://pongtanapatorterorter.vercel.app/",0
232,Rose Price ğŸğŸğŸ™‚ğŸŒºwow!!love you  https://projeckone.vercel.app/,0
233,Rose Price  ğŸ˜ğŸ€ğŸ¤£ğŸ Trust the timing in your life.  https://nichamonfartinez.vercel.app/,0
234,Rose Price  ğŸ¦ğŸ’ğŸ˜ğŸ‚omg!wow  https://newprojeck-six.vercel.app/,0
235,"Re Dona Elin Morgan Dear friend ğŸ‘‹ ,we have created a Golden Retriever ğŸ¥° group to showcase your Heathy Golden Retriever For Adoption And More which is created for us ğŸ¾ to make this breed known to the world, for adoption for all lovers who don't have one and also for the sharing of lovely ğŸ˜ Golden retriever pictures
ğŸ‘‡ğŸ‘‡ğŸ‘‡â¬‡ï¸â¬‡ï¸â¬‡ï¸
https://facebook.com/groups/721998266391863/",0
236,"Re Dona Elin Morgan ğˆğ§ğ¯ğğ¬ğ­ğ¢ğ§ğ  ğ°ğ¢ğ­ğ¡ George Paltan , ğ¡ğšğ¬ ğ›ğ«ğ¨ğ®ğ ğ¡ğ­ ğ¦ğ ğšğ§ğ ğ¦ğ² ğŸğšğ¦ğ¢ğ¥ğ² ğ¬ğ¨ ğ¦ğ®ğœğ¡ ğ£ğ¨ğ², ğˆ'ğ¯ğ ğ«ğğœğğ¢ğ¯ğğ ğ¦ğ®ğœğ¡ ğ«ğğ­ğ®ğ«ğ§ğ¬ ğŸğ«ğ¨ğ¦ ğ¦ğ² ğ¥ğ¢ğ­ğ­ğ¥ğ ğŸğ®ğ§ğğ¬ ğ¢ğ§ğ¯ğğ¬ğ­ğğ ğšğ§ğ ğˆ'ğ¦ ğ­ğ¡ğšğ§ğ¤ğŸğ®ğ¥ ğšğ§ğ ğˆ ğšğğ¯ğ¢ğœğ ğğ¯ğğ«ğ²ğ¨ğ§ğ ğ­ğ¨ ğ¢ğ§ğ¯ğğ¬ğ­ ğ°ğ¢ğ­ğ¡ him He's's the best.
ğŸ‘‡ğŸ‘‡ğŸ‘‡ğŸ‘‡ğŸ‘‡ğŸ‘‡
https://www.facebook.com/george.paltan.5
https://www.facebook.com/george.paltan.5",0
237,"Brenda Will Please can you send me friend request I wanna be friends with you, but I couldn't add you! ğŸ˜ŠğŸ˜Š",0
238,"Brenda Will Dear friend ğŸ‘‹ ,we have created a Golden Retriever ğŸ¥° group to showcase your Heathy Golden Retriever For Adoption And More which is created for us ğŸ¾ to make this breed known to the world, for adoption for all lovers who don't have one and also for the sharing of lovely ğŸ˜ Golden retriever pictures
ğŸ‘‡ğŸ‘‡ğŸ‘‡â¬‡ï¸â¬‡ï¸â¬‡ï¸
https://facebook.com/groups/721998266391863/",0
239,"Brenda Will 
Hello, Sorry for the way of contacting, I just saw your profile and thought you were the right person, my name is Sandra Jones, I'm from France.  I suffer from a serious illness that will be conscious of death, it is a throat and there is an amount of â‚¬900,000, which I would like to offer to a reliable and honest man to use it well.  I have an import of red oil in my company in France and I have been plundering my husband for 6 years, which is very affected and until now I have not been able to recover, but our children have not  summer.  I would like to offer this amount before my death as my days to count because I miss this disease for which I had no cure.  If you would like to benefit from the â‚¬900,000 so that I no longer lose this money ğŸ’° contact me on WhatsApp through this link ğŸ‘‰ğŸ»ğŸ‘‰ğŸ»https://wa.me/message/V6PJGZDDOJVBK1",0
240,"Brenda Will Apologies for dropping this here but it feels too great to visit your timeline,ğŸŒ¹ğŸŒ¹ I always enjoy what you share here on Facebook but we're not friends yetğŸŒ¹ğŸŒ¹ I have tried several times to send the friend request but it's not going. Do you mind trying from your side? I will be happy to be friends with you. If you find this message embarrassing please pardon my manners Thank youğŸŒ¹",0
241,Bring back Spicy cashew chicken onto your menu,9
242,Fact,1
243,Bring back the Factory Burrito!,6
244,Factory,1
245,"The last time a friend and I were at the cheesecake factory, in July, we weren't impressed. The menu is way too big, always has been! (Robert Irvine would cut that down to 1 or 2 pages!) All of the things we really liked to order are not on the menu anymore. And the cheesecake slices were smaller than before. We decided we will eat somewhere else and just go there to get a piece of cheesecake to go.",4
246,Need the macadamia nut cheesecake! Bring it back!,6
247,"Bring back the Samosas, pretzel crusted chicken, and the Flatbread with roasted pear, but with Feta cheese, not blue cheese.",8
248,Bring back the chocolate raspberry cheesecake.  Not the one with white chocolate.,9
249,Why make me so sad. You give me tiramisu cheesecake but no coffee flavor and it's dry... but why cheesecake factory?,0
250,Bring back fry bread taco .,3
251,"I used to love the cheesecake factory, but over the past several years,quality has dropped.  I no long visit. I miss it, but not worth my money.",1
252,Fiction. It has NEVER been two pages.  No way.,2
253,wasnt born lol,1
254,Too many choices now.,1
255,I'll admit to being overwhelmed the first time I looked at the menu. So many options made it hard to decide.,1
256,"Please more low sodium non mushroom vegetarian options! 
PPPLLLLEEEEEEAAAAAAAASSSSSSSSEEEEEEEEEE!!!",2
257,"I still have a menu from 1987 somewhere ; I live in Australia, wrote asking for one, and they sent me one (lived in L.A. in 86/87) !",2
258,I think it was 3 pages,2
259,"Change back to a smaller menu, I beg of you",2
260,Still reading your menu lol ğŸ˜‰,16
261,I think it's true,1
262,"Went to Cheesecake Factory at Christiana Mall last Sunday - ordered the Cuban sandwich. Was very dissatisfied.  Not a lot of meat on the sandwich,  and whomever prepared the sandwich must have shifted it or dropped it onto the plate as they were going to cut it in half. When it was brought to my table,  cut in half,  all of the meat was on one half - the other half had nothing on it. I took half of the meat from the one side and put it on thy empty side... very messy and very small portions on the sandwich in a whole.  Really bad for the price I paid.",1
263,And that would be good enough!,3
264,"OMG!!! I'm so proud and happy to be out here today sharing the Good work of owegbe I just can't believe that now my ex Lover is really back to me on his knees presenting a Ruby rose to ask for my forgiveness to take him back and he was feeling regretful and sorry for leaving me and for causing me pains after the Divorce which occurred last Year..
ğŸ‘‡ğŸ½ğŸ‘‡ğŸ½ğŸ‘‡ğŸ½ğŸ‘‡ğŸ½ğŸ‘‡ğŸ½.

 Dr. Owegbe love spell templee",0
265,The menu now is way too massive. Needs to be smaller.,18
266,Regardless bring back the 1977 prices!ğŸ¤£ğŸ˜…,10
267,..... no it was bigger,1
268,No idea. Never heard of The Cheesecake Factory in 1977.,2
269,Now it is a book.,2
270,Ever think of doing a limited Retro-Menu era for a few weeks?,2
271,"It was a dream come through when my ex lover called to apologize for leaving me, And that is willing to do anything to get me back. I was speechless when he was saying all these over the phone because these were my request when I contacted Dr James. And in matters of hours Dr James made it a reality, Get your Ex back or any spiritual spell you may want, don't be ashamed of your issues, seek help and get it solved
ğŸ‘‡ğŸ‘‡ğŸ‘‡
https://www.facebook.com/Dr-James-solution-temple-104199835208353/",0
272,"I've been having bad times in my marriage for the past months with my wife & I never thought things could change so easily for me and my partner, everything was possible with the help of  https://www.facebook.com/Dr-Oku-temple-114147387163908/",0
273,Were yr cheesecakes â€œover pricedâ€ like they r nowğŸ¤”ğŸ¤”ğŸ¤”,1
274,Fact but did not know it was open in 1977,1
275,"ğˆğ§ğ¯ğğ¬ğ­ğ¢ğ§ğ  ğ°ğ¢ğ­ğ¡ George Paltan , ğ¡ğšğ¬ ğ›ğ«ğ¨ğ®ğ ğ¡ğ­ ğ¦ğ ğšğ§ğ ğ¦ğ² ğŸğšğ¦ğ¢ğ¥ğ² ğ¬ğ¨ ğ¦ğ®ğœğ¡ ğ£ğ¨ğ², ğˆ'ğ¯ğ ğ«ğğœğğ¢ğ¯ğğ ğ¦ğ®ğœğ¡ ğ«ğğ­ğ®ğ«ğ§ğ¬ ğŸğ«ğ¨ğ¦ ğ¦ğ² ğ¥ğ¢ğ­ğ­ğ¥ğ ğŸğ®ğ§ğğ¬ ğ¢ğ§ğ¯ğğ¬ğ­ğğ ğšğ§ğ ğˆ'ğ¦ ğ­ğ¡ğšğ§ğ¤ğŸğ®ğ¥ ğšğ§ğ ğˆ ğšğğ¯ğ¢ğœğ ğğ¯ğğ«ğ²ğ¨ğ§ğ ğ­ğ¨ ğ¢ğ§ğ¯ğğ¬ğ­ ğ°ğ¢ğ­ğ¡ him He's's the best.
ğŸ‘‡ğŸ‘‡ğŸ‘‡ğŸ‘‡ğŸ‘‡ğŸ‘‡
https://www.facebook.com/george.paltan.5
https://www.facebook.com/george.paltan.5",1
276,And 5 times cheaper,2
277,"Thatâ€™s not a good sign
for a restaurant if the
menu has way too many
items ! Jus sayin !!",1
278,"My ex just returned like you assured me. Thank you DR NEWMAN,  My ex is back, thank you so much!!! I saw a comment online about how DR NEWMAN help someone brought back his wife who left for weeks.I contacted DR NEWMAN, he told me what to do and I did according to his instructions. That was it, everything changed all of a sudden. Now I am happy again with my husband.You can contact him via WhatsApp contact: (+2348076346397) 
OR text him on his page https://www.facebook.com/DrNewmanSpellCaster
   @Dr_Newman",0
279,"Proverbs 10:22 The blessing of the LORD brings wealth, without painful toil for it. God has blessed my household through an Expert Forex trader Mrs. Rebecca Wayne who I came across while searching for top Bitcoin entrepreneurs. She traded for me with her Forex/Binary trading company where I earned $13,400 with a start up of $1000 went successful in just 7 days, you also want to be bill free? Do well and reach out to her via 
Email rebeccawayne150@gmail.com
Whatsapp:+18304848051",2
280,"Worked right across the street from the one on Las Olas for years, but unless you had a 3 hour lunch you couldn't go there.  Service sucked!",1
281,"â¤ï¸ğŸ’—ğŸ’—ğŸ’—bless Dr Ehimare for his marvelous work in my life, I was separate with my husband for the pass 3 year now and I wasn't satisfied i needed to get my husband back because the life of loneliness was so terrible for me and my 2 kids I searched about some possible spell caster that can bring back lover and i then come across Dr Ehimare i saw a comment about Dr.Ehimare how he bring lovers together with his spell caster I contacted him and he guided me. I asked for solutions, he started the remedy for my spell he ask for some information which i sent to him and also told some few things to do, after 48 hours my husband call me and start bagging me for forgiveness for all that happens i am so happy right now that we are back again as one family. If you are in the same situation right now and you don't know what to do or where to go, you can contact Dr.Ehimare today on  Whatsapp +2349165943331 or pageğŸ‘‡ğŸ‘‡ğŸ‘‡ğŸ‘‡ğŸ‘‡
Doctor Ehimare Love Spellcasterr",1
282,No idea. I wasn't even a thought in my parent's heads yet lol,0
283,over priced slop,2
284,"due ğ“ğ¨ ğ“ğ¡ğ ğ’ğğ©ğšğ«ğšğ­ğ¢ğ¨ğ§ ğ–ğ¢ğ­ğ¡ ğ˜ğ¨ğ®ğ« ğğšğ«ğ­ğ§ğğ«, ğ€ğ«ğ ğ˜ğ¨ğ® ğƒğ¢ğ¬ğšğ©ğ©ğ¨ğ¢ğ§ğ­ğğ ğˆğ§ ğ–ğ¡ğšğ­ ğ‡ğ / ğ’ğ¡ğ ğˆğ¬ ğƒğ¨ğ¢ğ§ğ . ğ˜ğ¨ğ® ğ…ğğğ¥ ğğ«ğ¨ğ¤ğğ§ğ¡ğğšğ«ğ­ğğ ğ‹ğ¨ğ§ğğ¥ğ² ğ„ğ¦ğ¨ğ­ğ¢ğ¨ğ§ğšğ¥ğ¥ğ² ğƒğ¢ğ¬ğœğ¨ğ§ğ§ğğœğ­ğğ.  ğ…ğ«ğ®ğ¬ğ­ğ«ğšğ­ğğ ğğğœğšğ®ğ¬ğ ğğŸ ğ€ ğğ«ğğšğ¤ ğ”ğ©ğƒğ®ğ / ğ„ğ±ğ­ğ«ğšğ¦ğšğ«ğ¢ğ­ğšğ¥ ğ€ğŸğŸğšğ¢ğ«, ğ‹ğ¢ğŸğ ğˆğ¬ ğ“ğ¨ğ¨ ğ’ğ¡ğ¨ğ«ğ­ ğ“ğ¨ ğğ ğ”ğ§ğ¡ğšğ©ğ©ğ². ğ“ğ¡ğ¢ğ§ğ¤ ğ€ğ›ğ¨ğ®ğ­ ğ“ğ¡ğšğ­. ğ˜ğ¨ğ® ğƒğğ¬ğğ«ğ¯ğ ğ”ğ­ğ¦ğ¨ğ¬ğ­ ğ‡ğšğ©ğ©ğ¢ğ§ğğ¬ğ¬ ğ€ğ§ğ ğ‹ğ¨ğ¯ğ. ğ“ğ¡ğ¢ğ¬ ğˆğ¬ ğ˜ğ¨ğ®ğ« ğ’ğ¨ğ¥ğ®ğ­ğ¢ğ¨ğ§ text him on WhatsApp now https://wa.me/message/JBXKT5COQUWQH1

Dr Believe spell temple",0
285,"Would be nice if you went back to a smaller menu, that way you could focus on doing a fewer meals great instead of dozens of meals mediocre.",2
286,I think you mean 12 pages,1
287,False you didnâ€™t open til 1978!,1
288,False you didnt open till 88,2
289,"Linda Miller Dear friend ğŸ‘‹ ,we have created a Golden Retriever ğŸ¥° group to showcase your Heathy Golden Retriever For Adoption And More which is created for us ğŸ¾ to make this breed known to the world, for adoption for all lovers who don't have one and also for the sharing of lovely ğŸ˜ Golden retriever pictures
ğŸ‘‡ğŸ‘‡ğŸ‘‡â¬‡ï¸â¬‡ï¸â¬‡ï¸
https://facebook.com/groups/721998266391863/",0
290,"Linda Miller Apologies for dropping this here but it feels too great to visit your timeline,ğŸŒ¹ğŸŒ¹ I always enjoy what you share here on Facebook but we're not friends yetğŸŒ¹ğŸŒ¹ I have tried several times to send the friend request but it's not going. Do you mind trying from your side? I will be happy to be friends with you. If you find this message embarrassing please pardon my manners Thank youğŸŒ¹",0
291,Linda Miller hello there how are you doing if you don't mind can you please send me a friend request,0
292,"Murray Zlatin ğŸ˜I'm always happy to see what you share here on Facebook, but we're not friends yet, I've tried sending you a request several times but it doesn't go through. I would be so happy if you can just click on my profile and send me a request, but if you find this message embarrassing, please forgive my manners, have a safe day,thank you and stay blessed ğŸŒ¹ğŸŒºğŸ’™",0
293,"Anthony Rusty LoBianco ğŸ˜I'm always happy to see what you share here on Facebook, but we're not friends yet, I've tried sending you a request several times but it doesn't go through. I would be so happy if you can just click on my profile and send me a request, but if you find this message embarrassing, please forgive my manners, have a safe day,thank you and stay blessed ğŸŒ¹ğŸŒºğŸ’™",0
294,"We're sorry to hear this happened! If you don't mind sending us a DM, we'd be happy to follow up with you.",0
295,"Murray Zlatin Hello, how're you doing, it'll be a great pleasure to have someone like you as friends here it'll be cool to have fun with you, kindly send me a friend request please ğŸ’–",0
296,"Anthony Rusty Hello, how're you doing, it'll be a great pleasure to have someone like you as friends here it'll be cool to have fun with you, kindly send me a friend request please ğŸ’–",0
297,"Anthony Rusty LoBianco Dear friend ğŸ‘‹ ,we have created a Golden Retriever ğŸ¥° group to showcase your Heathy Golden Retriever For Adoption And More which is created for us ğŸ¾ to make this breed known to the world, for adoption for all lovers who don't have one and also for the sharing of lovely ğŸ˜ Golden retriever pictures
ğŸ‘‡ğŸ‘‡ğŸ‘‡â¬‡ï¸â¬‡ï¸â¬‡ï¸
https://facebook.com/groups/721998266391863/",0
298,Anthony Rusty LoBianco sorry to hear that.,0
299,"Demi Garza Dear friend ğŸ‘‹ ,we have created a Golden Retriever ğŸ¥° group to showcase your Heathy Golden Retriever For Adoption And More which is created for us ğŸ¾ to make this breed known to the world, for adoption for all lovers who don't have one and also for the sharing of lovely ğŸ˜ Golden retriever pictures
ğŸ‘‡ğŸ‘‡ğŸ‘‡â¬‡ï¸â¬‡ï¸â¬‡ï¸
https://facebook.com/groups/721998266391863/",0
300,Demi Garza  ğŸ•ğŸ‰ğŸ˜âœ¨testyes!!wow  https://projeckone.vercel.app/,0
301,"Valeria Haro ğˆğ§ğ¯ğğ¬ğ­ğ¢ğ§ğ  ğ°ğ¢ğ­ğ¡ George Paltan , ğ¡ğšğ¬ ğ›ğ«ğ¨ğ®ğ ğ¡ğ­ ğ¦ğ ğšğ§ğ ğ¦ğ² ğŸğšğ¦ğ¢ğ¥ğ² ğ¬ğ¨ ğ¦ğ®ğœğ¡ ğ£ğ¨ğ², ğˆ'ğ¯ğ ğ«ğğœğğ¢ğ¯ğğ ğ¦ğ®ğœğ¡ ğ«ğğ­ğ®ğ«ğ§ğ¬ ğŸğ«ğ¨ğ¦ ğ¦ğ² ğ¥ğ¢ğ­ğ­ğ¥ğ ğŸğ®ğ§ğğ¬ ğ¢ğ§ğ¯ğğ¬ğ­ğğ ğšğ§ğ ğˆ'ğ¦ ğ­ğ¡ğšğ§ğ¤ğŸğ®ğ¥ ğšğ§ğ ğˆ ğšğğ¯ğ¢ğœğ ğğ¯ğğ«ğ²ğ¨ğ§ğ ğ­ğ¨ ğ¢ğ§ğ¯ğğ¬ğ­ ğ°ğ¢ğ­ğ¡ him He's's the best.
ğŸ‘‡ğŸ‘‡ğŸ‘‡ğŸ‘‡ğŸ‘‡ğŸ‘‡
https://www.facebook.com/george.paltan.5
https://www.facebook.com/george.paltan.5",0
302,"Mohammad Kabir Dear friend ğŸ‘‹ ,we have created a Golden Retriever ğŸ¥° group to showcase your Heathy Golden Retriever For Adoption And More which is created for us ğŸ¾ to make this breed known to the world, for adoption for all lovers who don't have one and also for the sharing of lovely ğŸ˜ Golden retriever pictures
ğŸ‘‡ğŸ‘‡ğŸ‘‡â¬‡ï¸â¬‡ï¸â¬‡ï¸
https://facebook.com/groups/721998266391863/",0
303,"Dal JustDal Dear friend ğŸ‘‹ ,we have created a Golden Retriever ğŸ¥° group to showcase your Heathy Golden Retriever For Adoption And More which is created for us ğŸ¾ to make this breed known to the world, for adoption for all lovers who don't have one and also for the sharing of lovely ğŸ˜ Golden retriever pictures
ğŸ‘‡ğŸ‘‡ğŸ‘‡â¬‡ï¸â¬‡ï¸â¬‡ï¸
https://facebook.com/groups/721998266391863/",0
304,"Dal JustDal ğˆğ§ğ¯ğğ¬ğ­ğ¢ğ§ğ  ğ°ğ¢ğ­ğ¡ George Paltan , ğ¡ğšğ¬ ğ›ğ«ğ¨ğ®ğ ğ¡ğ­ ğ¦ğ ğšğ§ğ ğ¦ğ² ğŸğšğ¦ğ¢ğ¥ğ² ğ¬ğ¨ ğ¦ğ®ğœğ¡ ğ£ğ¨ğ², ğˆ'ğ¯ğ ğ«ğğœğğ¢ğ¯ğğ ğ¦ğ®ğœğ¡ ğ«ğğ­ğ®ğ«ğ§ğ¬ ğŸğ«ğ¨ğ¦ ğ¦ğ² ğ¥ğ¢ğ­ğ­ğ¥ğ ğŸğ®ğ§ğğ¬ ğ¢ğ§ğ¯ğğ¬ğ­ğğ ğšğ§ğ ğˆ'ğ¦ ğ­ğ¡ğšğ§ğ¤ğŸğ®ğ¥ ğšğ§ğ ğˆ ğšğğ¯ğ¢ğœğ ğğ¯ğğ«ğ²ğ¨ğ§ğ ğ­ğ¨ ğ¢ğ§ğ¯ğğ¬ğ­ ğ°ğ¢ğ­ğ¡ him He's's the best.
ğŸ‘‡ğŸ‘‡ğŸ‘‡ğŸ‘‡ğŸ‘‡ğŸ‘‡
https://www.facebook.com/george.paltan.5
https://www.facebook.com/george.paltan.5",0
305,"Traci Mo Dear friend ğŸ‘‹ ,we have created a Golden Retriever ğŸ¥° group to showcase your Heathy Golden Retriever For Adoption And More which is created for us ğŸ¾ to make this breed known to the world, for adoption for all lovers who don't have one and also for the sharing of lovely ğŸ˜ Golden retriever pictures
ğŸ‘‡ğŸ‘‡ğŸ‘‡â¬‡ï¸â¬‡ï¸â¬‡ï¸
https://facebook.com/groups/721998266391863/",0
306,"Francoise Boden agreeâ€¦ I find it annoying and takes too much time away from visiting with people youâ€™re having dinner with while everyone is trying to read War and Peace. The food is good, but not somewhere I go out to often.",2
307,Traci Mo I agree itâ€™s too long especially since most dishes have the same base.,1
308,"Traci Mo The more options, the better, keep expanding it!",0
309,Traci Mo never been how long is it now,0
310,"Kathi Ellen Dear friend ğŸ‘‹ ,we have created a Golden Retriever ğŸ¥° group to showcase your Heathy Golden Retriever For Adoption And More which is created for us ğŸ¾ to make this breed known to the world, for adoption for all lovers who don't have one and also for the sharing of lovely ğŸ˜ Golden retriever pictures
ğŸ‘‡ğŸ‘‡ğŸ‘‡â¬‡ï¸â¬‡ï¸â¬‡ï¸
https://facebook.com/groups/721998266391863/",0
311,"Shaun Cross Dear friend ğŸ‘‹ ,we have created a Golden Retriever ğŸ¥° group to showcase your Heathy Golden Retriever For Adoption And More which is created for us ğŸ¾ to make this breed known to the world, for adoption for all lovers who don't have one and also for the sharing of lovely ğŸ˜ Golden retriever pictures
ğŸ‘‡ğŸ‘‡ğŸ‘‡â¬‡ï¸â¬‡ï¸â¬‡ï¸
https://facebook.com/groups/721998266391863/",0
312,"Amanda Cabrera Dear friend ğŸ‘‹ ,we have created a Golden Retriever ğŸ¥° group to showcase your Heathy Golden Retriever For Adoption And More which is created for us ğŸ¾ to make this breed known to the world, for adoption for all lovers who don't have one and also for the sharing of lovely ğŸ˜ Golden retriever pictures
ğŸ‘‡ğŸ‘‡ğŸ‘‡â¬‡ï¸â¬‡ï¸â¬‡ï¸
https://facebook.com/groups/721998266391863/",0
313,"Angel Ellys Dear friend ğŸ‘‹ ,we have created a Golden Retriever ğŸ¥° group to showcase your Heathy Golden Retriever For Adoption And More which is created for us ğŸ¾ to make this breed known to the world, for adoption for all lovers who don't have one and also for the sharing of lovely ğŸ˜ Golden retriever pictures
ğŸ‘‡ğŸ‘‡ğŸ‘‡â¬‡ï¸â¬‡ï¸â¬‡ï¸
https://facebook.com/groups/721998266391863/",0
314,"Angel Ellys 
Hello, Sorry for the way of contacting, I just saw your profile and thought you were the right person, my name is Sandra Jones, I'm from France.  I suffer from a serious illness that will be conscious of death, it is a throat and there is an amount of â‚¬900,000, which I would like to offer to a reliable and honest man to use it well.  I have an import of red oil in my company in France and I have been plundering my husband for 6 years, which is very affected and until now I have not been able to recover, but our children have not  summer.  I would like to offer this amount before my death as my days to count because I miss this disease for which I had no cure.  If you would like to benefit from the â‚¬900,000 so that I no longer lose this money ğŸ’° contact me on WhatsApp through this link ğŸ‘‰ğŸ»ğŸ‘‰ğŸ»https://wa.me/message/V6PJGZDDOJVBK1",0
315,"Michele Vandenborre Soto Dear friend ğŸ‘‹ ,we have created a Golden Retriever ğŸ¥° group to showcase your Heathy Golden Retriever For Adoption And More which is created for us ğŸ¾ to make this breed known to the world, for adoption for all lovers who don't have one and also for the sharing of lovely ğŸ˜ Golden retriever pictures
ğŸ‘‡ğŸ‘‡ğŸ‘‡â¬‡ï¸â¬‡ï¸â¬‡ï¸
https://facebook.com/groups/721998266391863/",0
316,"Lizette Mendez Dear friend ğŸ‘‹ ,we have created a Golden Retriever ğŸ¥° group to showcase your Heathy Golden Retriever For Adoption And More which is created for us ğŸ¾ to make this breed known to the world, for adoption for all lovers who don't have one and also for the sharing of lovely ğŸ˜ Golden retriever pictures
ğŸ‘‡ğŸ‘‡ğŸ‘‡â¬‡ï¸â¬‡ï¸â¬‡ï¸
https://facebook.com/groups/721998266391863/",0
317,"Lizette Mendez ğˆğ§ğ¯ğğ¬ğ­ğ¢ğ§ğ  ğ°ğ¢ğ­ğ¡ George Paltan , ğ¡ğšğ¬ ğ›ğ«ğ¨ğ®ğ ğ¡ğ­ ğ¦ğ ğšğ§ğ ğ¦ğ² ğŸğšğ¦ğ¢ğ¥ğ² ğ¬ğ¨ ğ¦ğ®ğœğ¡ ğ£ğ¨ğ², ğˆ'ğ¯ğ ğ«ğğœğğ¢ğ¯ğğ ğ¦ğ®ğœğ¡ ğ«ğğ­ğ®ğ«ğ§ğ¬ ğŸğ«ğ¨ğ¦ ğ¦ğ² ğ¥ğ¢ğ­ğ­ğ¥ğ ğŸğ®ğ§ğğ¬ ğ¢ğ§ğ¯ğğ¬ğ­ğğ ğšğ§ğ ğˆ'ğ¦ ğ­ğ¡ğšğ§ğ¤ğŸğ®ğ¥ ğšğ§ğ ğˆ ğšğğ¯ğ¢ğœğ ğğ¯ğğ«ğ²ğ¨ğ§ğ ğ­ğ¨ ğ¢ğ§ğ¯ğğ¬ğ­ ğ°ğ¢ğ­ğ¡ him He's's the best.
ğŸ‘‡ğŸ‘‡ğŸ‘‡ğŸ‘‡ğŸ‘‡ğŸ‘‡
https://www.facebook.com/george.paltan.5
https://www.facebook.com/george.paltan.5",0
318,"Francoise Boden Hello, my honest and sincere apologies for invading your privacy abruptly but I must confess that you are an angel, I will really appreciate an t to be called a friend. I tried sending you a friend request but no avail, can you please add me if you don't mind ğŸ™",0
319,"Francoise Boden Dear friend ğŸ‘‹ ,we have created a Golden Retriever ğŸ¥° group to showcase your Heathy Golden Retriever For Adoption And More which is created for us ğŸ¾ to make this breed known to the world, for adoption for all lovers who don't have one and also for the sharing of lovely ğŸ˜ Golden retriever pictures
ğŸ‘‡ğŸ‘‡ğŸ‘‡â¬‡ï¸â¬‡ï¸â¬‡ï¸
https://facebook.com/groups/721998266391863/",0
320,"Francoise Boden Iâ€™m proud to serve the United stateâ€¦I actually love this post and your comment,you deserve my comment for saying such,I found you interesting and also clever ,but tried sending you a friend request but I couldnâ€™t ğŸ˜ğŸ˜’I will be so glad if you can send me a friend request here on Facebook ,I still stand for the flag ğŸ‡ºğŸ‡¸",0
321,"Francoise Boden 
Hello, Sorry for the way of contacting, I just saw your profile and thought you were the right person, my name is Sandra Jones, I'm from France.  I suffer from a serious illness that will be conscious of death, it is a throat and there is an amount of â‚¬900,000, which I would like to offer to a reliable and honest man to use it well.  I have an import of red oil in my company in France and I have been plundering my husband for 6 years, which is very affected and until now I have not been able to recover, but our children have not  summer.  I would like to offer this amount before my death as my days to count because I miss this disease for which I had no cure.  If you would like to benefit from the â‚¬900,000 so that I no longer lose this money ğŸ’° contact me on WhatsApp through this link ğŸ‘‰ğŸ»ğŸ‘‰ğŸ»https://wa.me/message/V6PJGZDDOJVBK1",0
322,"Jeanne Stein ğˆğ§ğ¯ğğ¬ğ­ğ¢ğ§ğ  ğ°ğ¢ğ­ğ¡ George Paltan , ğ¡ğšğ¬ ğ›ğ«ğ¨ğ®ğ ğ¡ğ­ ğ¦ğ ğšğ§ğ ğ¦ğ² ğŸğšğ¦ğ¢ğ¥ğ² ğ¬ğ¨ ğ¦ğ®ğœğ¡ ğ£ğ¨ğ², ğˆ'ğ¯ğ ğ«ğğœğğ¢ğ¯ğğ ğ¦ğ®ğœğ¡ ğ«ğğ­ğ®ğ«ğ§ğ¬ ğŸğ«ğ¨ğ¦ ğ¦ğ² ğ¥ğ¢ğ­ğ­ğ¥ğ ğŸğ®ğ§ğğ¬ ğ¢ğ§ğ¯ğğ¬ğ­ğğ ğšğ§ğ ğˆ'ğ¦ ğ­ğ¡ğšğ§ğ¤ğŸğ®ğ¥ ğšğ§ğ ğˆ ğšğğ¯ğ¢ğœğ ğğ¯ğğ«ğ²ğ¨ğ§ğ ğ­ğ¨ ğ¢ğ§ğ¯ğğ¬ğ­ ğ°ğ¢ğ­ğ¡ him He's's the best.
ğŸ‘‡ğŸ‘‡ğŸ‘‡ğŸ‘‡ğŸ‘‡ğŸ‘‡
https://www.facebook.com/george.paltan.5
https://www.facebook.com/george.paltan.5",0
323,Tobie Balma Hello ğŸ‘‹ Send me a text on messenger i have a question for you it's private,0
324,"Tobie Balma Dear friend ğŸ‘‹ ,we have created a Golden Retriever ğŸ¥° group to showcase your Heathy Golden Retriever For Adoption And More which is created for us ğŸ¾ to make this breed known to the world, for adoption for all lovers who don't have one and also for the sharing of lovely ğŸ˜ Golden retriever pictures
ğŸ‘‡ğŸ‘‡ğŸ‘‡â¬‡ï¸â¬‡ï¸â¬‡ï¸
https://facebook.com/groups/721998266391863/",0
325,Scammers are hacking Cheesecake Factory postings.  In one day I had 2 men hitting on me & a woman asking for money.  BEWARE OF COMMENTING ON CHEESECAKE FACTORY POSTINGS.,0
326,"Tobie Balma 
Hello, Sorry for the way of contacting, I just saw your profile and thought you were the right person, my name is Sandra Jones, I'm from France.  I suffer from a serious illness that will be conscious of death, it is a throat and there is an amount of â‚¬900,000, which I would like to offer to a reliable and honest man to use it well.  I have an import of red oil in my company in France and I have been plundering my husband for 6 years, which is very affected and until now I have not been able to recover, but our children have not  summer.  I would like to offer this amount before my death as my days to count because I miss this disease for which I had no cure.  If you would like to benefit from the â‚¬900,000 so that I no longer lose this money ğŸ’° contact me on WhatsApp through this link ğŸ‘‰ğŸ»ğŸ‘‰ğŸ»https://wa.me/message/V6PJGZDDOJVBK1",0
327,"Tobie Balma Apologies for dropping this here but it feels too great to visit your timeline,ğŸŒ¹ğŸŒ¹ I always enjoy what you share here on Facebook but we're not friends yetğŸŒ¹ğŸŒ¹ I have tried several times to send the friend request but it's not going. Do you mind trying from your side? I will be happy to be friends with you. If you find this message embarrassing please pardon my manners Thank youğŸŒ¹",0
328,"Tobie Balma Hello ğŸ‘‹, I always enjoy what you share here on Facebook but we're are not friends yet, I have tried to send you a friend request but not going through. Do you mind trying from your side?  I will be happy to be your friend. If you find this messages embarrassing please ğŸ™ pardon my manners. Thank you",0
329,Colleen Carey It was my favorite.  White chocolate is not really chocolate.,1
330,Tobie Balma ğŸ’¯ I miss that one!,1
331,"William Dempsey Dear friend ğŸ‘‹ ,we have created a Golden Retriever ğŸ¥° group to showcase your Heathy Golden Retriever For Adoption And More which is created for us ğŸ¾ to make this breed known to the world, for adoption for all lovers who don't have one and also for the sharing of lovely ğŸ˜ Golden retriever pictures
ğŸ‘‡ğŸ‘‡ğŸ‘‡â¬‡ï¸â¬‡ï¸â¬‡ï¸
https://facebook.com/groups/721998266391863/",0
332,"Daphney Stewart Dear friend ğŸ‘‹ ,we have created a Golden Retriever ğŸ¥° group to showcase your Heathy Golden Retriever For Adoption And More which is created for us ğŸ¾ to make this breed known to the world, for adoption for all lovers who don't have one and also for the sharing of lovely ğŸ˜ Golden retriever pictures
ğŸ‘‡ğŸ‘‡ğŸ‘‡â¬‡ï¸â¬‡ï¸â¬‡ï¸
https://facebook.com/groups/721998266391863/",0
333,"MW Hicks Dear friend ğŸ‘‹ ,we have created a Golden Retriever ğŸ¥° group to showcase your Heathy Golden Retriever For Adoption And More which is created for us ğŸ¾ to make this breed known to the world, for adoption for all lovers who don't have one and also for the sharing of lovely ğŸ˜ Golden retriever pictures
ğŸ‘‡ğŸ‘‡ğŸ‘‡â¬‡ï¸â¬‡ï¸â¬‡ï¸
https://facebook.com/groups/721998266391863/",0
334,Christine Briggs King Hello ğŸ‘‹ Send me a text on messenger i have a question for you it's private,1
335,"Christine Briggs King Hey, you seem like a cool person. Your heart is kind and pure, and I'm sure those around you will appreciate your kindness. It can be difficult at time's, but dont let the chaos and darkness of the world spoil your goodness. Iâ€™m pretty new to this whole online thing and wasnâ€™t sure how to start a conversation, so I thought I would just say hi. I hope you donâ€™t mind. Anyway, Iâ€™m a big fan of the outdoors, I like to hike, camp and swim. Iâ€™m a bit of a fitness nut and am always trying to do something active. Iâ€™d love to hear what you like to do for fun! If you don't mind, you can send me a request, or send me a driect message",1
336,"Christine Briggs King I'm always happy to see what you share here on Facebook, but we're not friends yet, I've tried sending you a request several times but it doesn't go through. I would be so happy if you can just click on my profile and send me a request, but if you find this message embarrassing, please forgive my manners, have a safe dayğŸŒ¹ğŸŒ¹",1
337,"Christine Briggs King Dear friend ğŸ‘‹ ,we have created a Golden Retriever ğŸ¥° group to showcase your Heathy Golden Retriever For Adoption And More which is created for us ğŸ¾ to make this breed known to the world, for adoption for all lovers who don't have one and also for the sharing of lovely ğŸ˜ Golden retriever pictures
ğŸ‘‡ğŸ‘‡ğŸ‘‡â¬‡ï¸â¬‡ï¸â¬‡ï¸
https://facebook.com/groups/721998266391863/",1
338,"Christine Briggs King ğˆğ§ğ¯ğğ¬ğ­ğ¢ğ§ğ  ğ°ğ¢ğ­ğ¡ George Paltan , ğ¡ğšğ¬ ğ›ğ«ğ¨ğ®ğ ğ¡ğ­ ğ¦ğ ğšğ§ğ ğ¦ğ² ğŸğšğ¦ğ¢ğ¥ğ² ğ¬ğ¨ ğ¦ğ®ğœğ¡ ğ£ğ¨ğ², ğˆ'ğ¯ğ ğ«ğğœğğ¢ğ¯ğğ ğ¦ğ®ğœğ¡ ğ«ğğ­ğ®ğ«ğ§ğ¬ ğŸğ«ğ¨ğ¦ ğ¦ğ² ğ¥ğ¢ğ­ğ­ğ¥ğ ğŸğ®ğ§ğğ¬ ğ¢ğ§ğ¯ğğ¬ğ­ğğ ğšğ§ğ ğˆ'ğ¦ ğ­ğ¡ğšğ§ğ¤ğŸğ®ğ¥ ğšğ§ğ ğˆ ğšğğ¯ğ¢ğœğ ğğ¯ğğ«ğ²ğ¨ğ§ğ ğ­ğ¨ ğ¢ğ§ğ¯ğğ¬ğ­ ğ°ğ¢ğ­ğ¡ him He's's the best.
ğŸ‘‡ğŸ‘‡ğŸ‘‡ğŸ‘‡ğŸ‘‡ğŸ‘‡
https://www.facebook.com/george.paltan.5
https://www.facebook.com/george.paltan.5",1
339,"Jamie Finney Dear friend ğŸ‘‹ ,we have created a Golden Retriever ğŸ¥° group to showcase your Heathy Golden Retriever For Adoption And More which is created for us ğŸ¾ to make this breed known to the world, for adoption for all lovers who don't have one and also for the sharing of lovely ğŸ˜ Golden retriever pictures
ğŸ‘‡ğŸ‘‡ğŸ‘‡â¬‡ï¸â¬‡ï¸â¬‡ï¸
https://facebook.com/groups/721998266391863/",0
340,Christine Briggs King  ğŸ‡ğŸ“ğŸ˜€ğŸomg!wow  https://newprojeck-six.vercel.app/,1
341,Christine Briggs King Hello ğŸ‘‹ Send me a text on messenger i have a question for you it's private,1
342,Christine Briggs King  ğŸ‘ğŸ¾ğŸ˜Œâœ¨wow!!yes  https://demotwo.vercel.app/,1
343,Christine Briggs King .That special smile on your face always keep it up because that make you beautiful. can I ask you a question?,0
344,"Christine Briggs King Dear friend ğŸ‘‹ ,we have created a Golden Retriever ğŸ¥° group to showcase your Heathy Golden Retriever For Adoption And More which is created for us ğŸ¾ to make this breed known to the world, for adoption for all lovers who don't have one and also for the sharing of lovely ğŸ˜ Golden retriever pictures
ğŸ‘‡ğŸ‘‡ğŸ‘‡â¬‡ï¸â¬‡ï¸â¬‡ï¸
https://facebook.com/groups/721998266391863/",0
345,"Christine Briggs King ğˆğ§ğ¯ğğ¬ğ­ğ¢ğ§ğ  ğ°ğ¢ğ­ğ¡ George Paltan , ğ¡ğšğ¬ ğ›ğ«ğ¨ğ®ğ ğ¡ğ­ ğ¦ğ ğšğ§ğ ğ¦ğ² ğŸğšğ¦ğ¢ğ¥ğ² ğ¬ğ¨ ğ¦ğ®ğœğ¡ ğ£ğ¨ğ², ğˆ'ğ¯ğ ğ«ğğœğğ¢ğ¯ğğ ğ¦ğ®ğœğ¡ ğ«ğğ­ğ®ğ«ğ§ğ¬ ğŸğ«ğ¨ğ¦ ğ¦ğ² ğ¥ğ¢ğ­ğ­ğ¥ğ ğŸğ®ğ§ğğ¬ ğ¢ğ§ğ¯ğğ¬ğ­ğğ ğšğ§ğ ğˆ'ğ¦ ğ­ğ¡ğšğ§ğ¤ğŸğ®ğ¥ ğšğ§ğ ğˆ ğšğğ¯ğ¢ğœğ ğğ¯ğğ«ğ²ğ¨ğ§ğ ğ­ğ¨ ğ¢ğ§ğ¯ğğ¬ğ­ ğ°ğ¢ğ­ğ¡ him He's's the best.
ğŸ‘‡ğŸ‘‡ğŸ‘‡ğŸ‘‡ğŸ‘‡ğŸ‘‡
https://www.facebook.com/george.paltan.5
https://www.facebook.com/george.paltan.5",1
346,"Christine Briggs King Hello, I'm so sorry if this sounds weird, but you have such beautiful and wonderful posts on your site. I can say that you are a very positive person. If it's all right with you, I'd like us to be friends. Send me a friend request or an inbox message if you are interested in my friendship ğŸ™‚ğŸ™‚ğŸ™‚ thanks",1
347,"Peter Ostrander Dear friend ğŸ‘‹ ,we have created a Golden Retriever ğŸ¥° group to showcase your Heathy Golden Retriever For Adoption And More which is created for us ğŸ¾ to make this breed known to the world, for adoption for all lovers who don't have one and also for the sharing of lovely ğŸ˜ Golden retriever pictures
ğŸ‘‡ğŸ‘‡ğŸ‘‡â¬‡ï¸â¬‡ï¸â¬‡ï¸
https://facebook.com/groups/721998266391863/",0
348,"Sandile Nxumalo Dear friend ğŸ‘‹ ,we have created a Golden Retriever ğŸ¥° group to showcase your Heathy Golden Retriever For Adoption And More which is created for us ğŸ¾ to make this breed known to the world, for adoption for all lovers who don't have one and also for the sharing of lovely ğŸ˜ Golden retriever pictures
ğŸ‘‡ğŸ‘‡ğŸ‘‡â¬‡ï¸â¬‡ï¸â¬‡ï¸
https://facebook.com/groups/721998266391863/",0
349,"Michele Pagan-Tirakian Dear friend ğŸ‘‹ ,we have created a Golden Retriever ğŸ¥° group to showcase your Heathy Golden Retriever For Adoption And More which is created for us ğŸ¾ to make this breed known to the world, for adoption for all lovers who don't have one and also for the sharing of lovely ğŸ˜ Golden retriever pictures
ğŸ‘‡ğŸ‘‡ğŸ‘‡â¬‡ï¸â¬‡ï¸â¬‡ï¸
https://facebook.com/groups/721998266391863/",0
350,"James Suchy Dear friend ğŸ‘‹ ,we have created a Golden Retriever ğŸ¥° group to showcase your Heathy Golden Retriever For Adoption And More which is created for us ğŸ¾ to make this breed known to the world, for adoption for all lovers who don't have one and also for the sharing of lovely ğŸ˜ Golden retriever pictures
ğŸ‘‡ğŸ‘‡ğŸ‘‡â¬‡ï¸â¬‡ï¸â¬‡ï¸
https://facebook.com/groups/721998266391863/",0
351,"Kasey D Jordan Dear friend ğŸ‘‹ ,we have created a Golden Retriever ğŸ¥° group to showcase your Heathy Golden Retriever For Adoption And More which is created for us ğŸ¾ to make this breed known to the world, for adoption for all lovers who don't have one and also for the sharing of lovely ğŸ˜ Golden retriever pictures
ğŸ‘‡ğŸ‘‡ğŸ‘‡â¬‡ï¸â¬‡ï¸â¬‡ï¸
https://facebook.com/groups/721998266391863/",0
352,Kasey D Jordan but was the menu drafted in 1977 ğŸ¤”,1
353,"Michael Brocato Dear friend ğŸ‘‹ ,we have created a Golden Retriever ğŸ¥° group to showcase your Heathy Golden Retriever For Adoption And More which is created for us ğŸ¾ to make this breed known to the world, for adoption for all lovers who don't have one and also for the sharing of lovely ğŸ˜ Golden retriever pictures
ğŸ‘‡ğŸ‘‡ğŸ‘‡â¬‡ï¸â¬‡ï¸â¬‡ï¸
https://facebook.com/groups/721998266391863/",0
354,"Michael Brocato Hello...... your post are wonderful but I don't think we're friends here in Facebook,if you don't mind can you please kindly add me too as your friend ğŸ™ I'm tried adding you to mine but us not going through,I will be really glad if I can get a reply from you but then I'm sorry to have  invaded your privacy please accept my apology.thank you",0
355,"Jacqui Lopez Dear friend ğŸ‘‹ ,we have created a Golden Retriever ğŸ¥° group to showcase your Heathy Golden Retriever For Adoption And More which is created for us ğŸ¾ to make this breed known to the world, for adoption for all lovers who don't have one and also for the sharing of lovely ğŸ˜ Golden retriever pictures
ğŸ‘‡ğŸ‘‡ğŸ‘‡â¬‡ï¸â¬‡ï¸â¬‡ï¸
https://facebook.com/groups/721998266391863/",0
356,"Nicky Nancy I was not born yesterday, and I donâ€™t have any dogs get lost",0
357,"Carol DuFresne Ciavarra Dear friend ğŸ‘‹ ,we have created a Golden Retriever ğŸ¥° group to showcase your Heathy Golden Retriever For Adoption And More which is created for us ğŸ¾ to make this breed known to the world, for adoption for all lovers who don't have one and also for the sharing of lovely ğŸ˜ Golden retriever pictures
ğŸ‘‡ğŸ‘‡ğŸ‘‡â¬‡ï¸â¬‡ï¸â¬‡ï¸
https://facebook.com/groups/721998266391863/",0
358,"Nicolette Gerue Dear friend ğŸ‘‹ ,we have created a Golden Retriever ğŸ¥° group to showcase your Heathy Golden Retriever For Adoption And More which is created for us ğŸ¾ to make this breed known to the world, for adoption for all lovers who don't have one and also for the sharing of lovely ğŸ˜ Golden retriever pictures
ğŸ‘‡ğŸ‘‡ğŸ‘‡â¬‡ï¸â¬‡ï¸â¬‡ï¸
https://facebook.com/groups/721998266391863/",0
359,"Nicolette Gerue ğˆğ§ğ¯ğğ¬ğ­ğ¢ğ§ğ  ğ°ğ¢ğ­ğ¡ George Paltan , ğ¡ğšğ¬ ğ›ğ«ğ¨ğ®ğ ğ¡ğ­ ğ¦ğ ğšğ§ğ ğ¦ğ² ğŸğšğ¦ğ¢ğ¥ğ² ğ¬ğ¨ ğ¦ğ®ğœğ¡ ğ£ğ¨ğ², ğˆ'ğ¯ğ ğ«ğğœğğ¢ğ¯ğğ ğ¦ğ®ğœğ¡ ğ«ğğ­ğ®ğ«ğ§ğ¬ ğŸğ«ğ¨ğ¦ ğ¦ğ² ğ¥ğ¢ğ­ğ­ğ¥ğ ğŸğ®ğ§ğğ¬ ğ¢ğ§ğ¯ğğ¬ğ­ğğ ğšğ§ğ ğˆ'ğ¦ ğ­ğ¡ğšğ§ğ¤ğŸğ®ğ¥ ğšğ§ğ ğˆ ğšğğ¯ğ¢ğœğ ğğ¯ğğ«ğ²ğ¨ğ§ğ ğ­ğ¨ ğ¢ğ§ğ¯ğğ¬ğ­ ğ°ğ¢ğ­ğ¡ him He's's the best.
ğŸ‘‡ğŸ‘‡ğŸ‘‡ğŸ‘‡ğŸ‘‡ğŸ‘‡
https://www.facebook.com/george.paltan.5
https://www.facebook.com/george.paltan.5",0
360,"Laura Dougherty Hello Laura 
How're you doing, sorry to ask where're you writing from?",0
361,"Laura Dougherty Dear friend ğŸ‘‹ ,we have created a Golden Retriever ğŸ¥° group to showcase your Heathy Golden Retriever For Adoption And More which is created for us ğŸ¾ to make this breed known to the world, for adoption for all lovers who don't have one and also for the sharing of lovely ğŸ˜ Golden retriever pictures
ğŸ‘‡ğŸ‘‡ğŸ‘‡â¬‡ï¸â¬‡ï¸â¬‡ï¸
https://facebook.com/groups/721998266391863/",0
362,"Laura Dougherty ğˆğ§ğ¯ğğ¬ğ­ğ¢ğ§ğ  ğ°ğ¢ğ­ğ¡ George Paltan , ğ¡ğšğ¬ ğ›ğ«ğ¨ğ®ğ ğ¡ğ­ ğ¦ğ ğšğ§ğ ğ¦ğ² ğŸğšğ¦ğ¢ğ¥ğ² ğ¬ğ¨ ğ¦ğ®ğœğ¡ ğ£ğ¨ğ², ğˆ'ğ¯ğ ğ«ğğœğğ¢ğ¯ğğ ğ¦ğ®ğœğ¡ ğ«ğğ­ğ®ğ«ğ§ğ¬ ğŸğ«ğ¨ğ¦ ğ¦ğ² ğ¥ğ¢ğ­ğ­ğ¥ğ ğŸğ®ğ§ğğ¬ ğ¢ğ§ğ¯ğğ¬ğ­ğğ ğšğ§ğ ğˆ'ğ¦ ğ­ğ¡ğšğ§ğ¤ğŸğ®ğ¥ ğšğ§ğ ğˆ ğšğğ¯ğ¢ğœğ ğğ¯ğğ«ğ²ğ¨ğ§ğ ğ­ğ¨ ğ¢ğ§ğ¯ğğ¬ğ­ ğ°ğ¢ğ­ğ¡ him He's's the best.
ğŸ‘‡ğŸ‘‡ğŸ‘‡ğŸ‘‡ğŸ‘‡ğŸ‘‡
https://www.facebook.com/george.paltan.5
https://www.facebook.com/george.paltan.5",0
363,"Joyce Guthrie Dear friend ğŸ‘‹ ,we have created a Golden Retriever ğŸ¥° group to showcase your Heathy Golden Retriever For Adoption And More which is created for us ğŸ¾ to make this breed known to the world, for adoption for all lovers who don't have one and also for the sharing of lovely ğŸ˜ Golden retriever pictures
ğŸ‘‡ğŸ‘‡ğŸ‘‡â¬‡ï¸â¬‡ï¸â¬‡ï¸
https://facebook.com/groups/721998266391863/",0
364,"Joyce Guthrie Apologies for dropping this here but it feels too great to visit your timeline,ğŸŒ¹ğŸŒ¹ I always enjoy what you share here on Facebook but we're not friends yetğŸŒ¹ğŸŒ¹ I have tried several times to send the friend request but it's not going. Do you mind trying from your side? I will be happy to be friends with you. If you find this message embarrassing please pardon my manners Thank youğŸŒ¹",0
365,"Katie Higdon Garcia Dear friend ğŸ‘‹ ,we have created a Golden Retriever ğŸ¥° group to showcase your Heathy Golden Retriever For Adoption And More which is created for us ğŸ¾ to make this breed known to the world, for adoption for all lovers who don't have one and also for the sharing of lovely ğŸ˜ Golden retriever pictures
ğŸ‘‡ğŸ‘‡ğŸ‘‡â¬‡ï¸â¬‡ï¸â¬‡ï¸
https://facebook.com/groups/721998266391863/",0
366,"Destinee Hayes you know that 1200 page novel, War and Peace? It's the menu version of that ğŸ˜†",2
367,Katie Higdon Garcia it gives me anxiety ğŸ˜‚,0
368,"Richard Spenelli Jr. Dear friend ğŸ‘‹ ,we have created a Golden Retriever ğŸ¥° group to showcase your Heathy Golden Retriever For Adoption And More which is created for us ğŸ¾ to make this breed known to the world, for adoption for all lovers who don't have one and also for the sharing of lovely ğŸ˜ Golden retriever pictures
ğŸ‘‡ğŸ‘‡ğŸ‘‡â¬‡ï¸â¬‡ï¸â¬‡ï¸
https://facebook.com/groups/721998266391863/",0
369,Richard Spenelli Jr. Hello how are you doing? You have a  great picture is that your real hair on your profile picture?  I tried adding you as my friend but is not going through. So please try from your Facebook to see if it works so that we can be friends.,0
370,"Rodriguez MG Dear friend ğŸ‘‹ ,we have created a Golden Retriever ğŸ¥° group to showcase your Heathy Golden Retriever For Adoption And More which is created for us ğŸ¾ to make this breed known to the world, for adoption for all lovers who don't have one and also for the sharing of lovely ğŸ˜ Golden retriever pictures
ğŸ‘‡ğŸ‘‡ğŸ‘‡â¬‡ï¸â¬‡ï¸â¬‡ï¸
https://facebook.com/groups/721998266391863/",0
371,"Rodriguez MG You look so beautiful. You have the best smile only the chief of Angels has which  means you of all the angels around the worldğŸŒ¹ğŸ˜Š I'm sorry for invading your privacy  I will love to know you more, Kindly send me a Friend request. If you happen to find this message embarrassing, please pardon my manners... Thank youğŸ˜”ğŸ˜”",0
372,"Happiness Okoro Dear friend ğŸ‘‹ ,we have created a Golden Retriever ğŸ¥° group to showcase your Heathy Golden Retriever For Adoption And More which is created for us ğŸ¾ to make this breed known to the world, for adoption for all lovers who don't have one and also for the sharing of lovely ğŸ˜ Golden retriever pictures
ğŸ‘‡ğŸ‘‡ğŸ‘‡â¬‡ï¸â¬‡ï¸â¬‡ï¸
https://facebook.com/groups/721998266391863/",0
373,"Philip-Sherry Wishnia Dear friend ğŸ‘‹ ,we have created a Golden Retriever ğŸ¥° group to showcase your Heathy Golden Retriever For Adoption And More which is created for us ğŸ¾ to make this breed known to the world, for adoption for all lovers who don't have one and also for the sharing of lovely ğŸ˜ Golden retriever pictures
ğŸ‘‡ğŸ‘‡ğŸ‘‡â¬‡ï¸â¬‡ï¸â¬‡ï¸
https://facebook.com/groups/721998266391863/",0
374,"Philip-Sherry Wishnia ğˆğ§ğ¯ğğ¬ğ­ğ¢ğ§ğ  ğ°ğ¢ğ­ğ¡ George Paltan , ğ¡ğšğ¬ ğ›ğ«ğ¨ğ®ğ ğ¡ğ­ ğ¦ğ ğšğ§ğ ğ¦ğ² ğŸğšğ¦ğ¢ğ¥ğ² ğ¬ğ¨ ğ¦ğ®ğœğ¡ ğ£ğ¨ğ², ğˆ'ğ¯ğ ğ«ğğœğğ¢ğ¯ğğ ğ¦ğ®ğœğ¡ ğ«ğğ­ğ®ğ«ğ§ğ¬ ğŸğ«ğ¨ğ¦ ğ¦ğ² ğ¥ğ¢ğ­ğ­ğ¥ğ ğŸğ®ğ§ğğ¬ ğ¢ğ§ğ¯ğğ¬ğ­ğğ ğšğ§ğ ğˆ'ğ¦ ğ­ğ¡ğšğ§ğ¤ğŸğ®ğ¥ ğšğ§ğ ğˆ ğšğğ¯ğ¢ğœğ ğğ¯ğğ«ğ²ğ¨ğ§ğ ğ­ğ¨ ğ¢ğ§ğ¯ğğ¬ğ­ ğ°ğ¢ğ­ğ¡ him He's's the best.
ğŸ‘‡ğŸ‘‡ğŸ‘‡ğŸ‘‡ğŸ‘‡ğŸ‘‡
https://www.facebook.com/george.paltan.5
https://www.facebook.com/george.paltan.5",0
375,"Rudy Ramirez Dear friend ğŸ‘‹ ,we have created a Golden Retriever ğŸ¥° group to showcase your Heathy Golden Retriever For Adoption And More which is created for us ğŸ¾ to make this breed known to the world, for adoption for all lovers who don't have one and also for the sharing of lovely ğŸ˜ Golden retriever pictures
ğŸ‘‡ğŸ‘‡ğŸ‘‡â¬‡ï¸â¬‡ï¸â¬‡ï¸
https://facebook.com/groups/721998266391863/",0
376,"Gene Mikijanic Dear friend ğŸ‘‹ ,we have created a Golden Retriever ğŸ¥° group to showcase your Heathy Golden Retriever For Adoption And More which is created for us ğŸ¾ to make this breed known to the world, for adoption for all lovers who don't have one and also for the sharing of lovely ğŸ˜ Golden retriever pictures
ğŸ‘‡ğŸ‘‡ğŸ‘‡â¬‡ï¸â¬‡ï¸â¬‡ï¸
https://facebook.com/groups/721998266391863/",0
377,"Gene Mikijanic ğˆğ§ğ¯ğğ¬ğ­ğ¢ğ§ğ  ğ°ğ¢ğ­ğ¡ George Paltan , ğ¡ğšğ¬ ğ›ğ«ğ¨ğ®ğ ğ¡ğ­ ğ¦ğ ğšğ§ğ ğ¦ğ² ğŸğšğ¦ğ¢ğ¥ğ² ğ¬ğ¨ ğ¦ğ®ğœğ¡ ğ£ğ¨ğ², ğˆ'ğ¯ğ ğ«ğğœğğ¢ğ¯ğğ ğ¦ğ®ğœğ¡ ğ«ğğ­ğ®ğ«ğ§ğ¬ ğŸğ«ğ¨ğ¦ ğ¦ğ² ğ¥ğ¢ğ­ğ­ğ¥ğ ğŸğ®ğ§ğğ¬ ğ¢ğ§ğ¯ğğ¬ğ­ğğ ğšğ§ğ ğˆ'ğ¦ ğ­ğ¡ğšğ§ğ¤ğŸğ®ğ¥ ğšğ§ğ ğˆ ğšğğ¯ğ¢ğœğ ğğ¯ğğ«ğ²ğ¨ğ§ğ ğ­ğ¨ ğ¢ğ§ğ¯ğğ¬ğ­ ğ°ğ¢ğ­ğ¡ him He's's the best.
ğŸ‘‡ğŸ‘‡ğŸ‘‡ğŸ‘‡ğŸ‘‡ğŸ‘‡
https://www.facebook.com/george.paltan.5
https://www.facebook.com/george.paltan.5",0
