Index,Comment,CommentReactions,CommentReactionCount,Replies
0,I love the Cheesecake Factory. I have never had a bad experience there!,,,"Rose Price ğŸ¦ğŸ’ğŸ˜ğŸ‚omg!wow https://
newprojeck-six.v
ercel.app/"
1,I love the Cheesecake Factory. I have never had a bad experience there!,,,"Rose Price ğŸ˜ğŸ€ğŸ¤£ğŸ Trust the timing in your life. https://
nichamonfartinez
.vercel.app/"
2,I love the Cheesecake Factory. I have never had a bad experience there!,,,"Rose Price ğŸğŸğŸ™‚ğŸŒºwow!!love you https://
projeckone.verce
l.app/"
3,I love the Cheesecake Factory. I have never had a bad experience there!,,,"Rose Price ğŸ¤ğŸ’™ğŸ˜„ğŸŒ¿ No Rain, No Flower. https://
pongtanapatorter
orter.vercel.ap
p/"
4,I love the Cheesecake Factory. I have never had a bad experience there!,,,"Rose Price ğŸğŸ£ğŸ˜›ğŸŒ´wow!!yes https://
demotwo.vercel.a
pp/"
5,I love the Cheesecake Factory. I have never had a bad experience there!,,,"Rose Price ğˆğ§ğ¯ğğ¬ğ­ğ¢ğ§ğ  ğ°ğ¢ğ­ğ¡ George Paltan , ğ¡ğšğ¬ ğ›ğ«ğ¨ğ®ğ ğ¡ğ­ ğ¦ğ ğšğ§ğ ğ¦ğ² ğŸğšğ¦ğ¢ğ¥ğ² ğ¬ğ¨ ğ¦ğ®ğœğ¡ ğ£ğ¨ğ², ğˆ'ğ¯ğ ğ«ğğœğğ¢ğ¯ğğ ğ¦ğ®ğœğ¡ ğ«ğğ­ğ®ğ«ğ§ğ¬ ğŸğ«ğ¨ğ¦ ğ¦ğ² ğ¥ğ¢ğ­ğ­ğ¥ğ ğŸğ®ğ§ğğ¬ ğ¢ğ§ğ¯ğğ¬ğ­ğğ ğšğ§ğ ğˆ'ğ¦ ğ­ğ¡ğšğ§ğ¤ğŸğ®ğ¥ ğšğ§ğ ğˆ ğšğğ¯ğ¢ğœğ ğğ¯ğğ«ğ²ğ¨ğ§ğ ğ­ğ¨ ğ¢ğ§ğ¯ğğ¬ğ­ ğ°ğ¢ğ­ğ¡ him He's's the best.
ğŸ‘‡ğŸ‘‡ğŸ‘‡ğŸ‘‡ğŸ‘‡ğŸ‘‡
https://
www.facebook.com
/
george.paltan.5
https://
www.facebook.com
/
george.paltan.5"
6,I love the Cheesecake Factory. I have never had a bad experience there!,,,"Rose Price ğŸ”ğŸ¶ğŸ˜ŠğŸ‚territoriodaesp
inha https://
demotwo.vercel.a
pp/"
7,I love the Cheesecake Factory. I have never had a bad experience there!,,,"Rose Price ğŸªğŸ¥ğŸ˜‹â˜”omg!wow https://
newprojeck-six.v
ercel.app/"
8,I love the Cheesecake Factory. I have never had a bad experience there!,,,"Rose Price Dear friend ğŸ‘‹ ,we have created a Golden Retriever ğŸ¥° group to showcase your Heathy Golden Retriever For Adoption And More which is created for us ğŸ¾ to make this breed known to the world, for adoption for all lovers who don't have one and also for the sharing of lovely ğŸ˜ Golden retriever pictures
ğŸ‘‡ğŸ‘‡ğŸ‘‡â¬‡ï¸â¬‡ï¸â¬‡ï¸
https://
facebook.com/
groups/
721998266391863/"
9,I love the Cheesecake Factory. I have never had a bad experience there!,,,"Rose Price How are you doing? sorry for barging in your privacy, I'm very sure nobody will skip your profile I will love to have you ask a friend, I can't send you a friendship request without your permission, can you kindly send me a friend request if you don't mind"
10,I love the Cheesecake Factory. I have never had a bad experience there!,,,"Rose Price ğŸ¦ƒğŸ“ğŸ˜€ğŸŒºwow!!love you https://
nazanew-walltrue
.vercel.app/"
11,I love the Cheesecake Factory. I have never had a bad experience there!,,,"Rose Price ğŸ˜¿ğŸ‰ğŸ¤£ğŸ’¥ See the good in yourself. https://
udomaekhiot.verc
el.app/"
12,I love the Cheesecake Factory. I have never had a bad experience there!,,,"Rose Price ğŸ¬ğŸ‘œğŸ˜€â˜„Say Yes if you want to see videos https://
newprojeck-six.v
ercel.app/"
13,I love the Cheesecake Factory. I have never had a bad experience there!,,,"Rose Price ğŸ³ğŸˆğŸ˜‰ğŸŒ³All of them are beautiful. https://
anatoland-chaych
aimri01-gmailco
m.vercel.app/"
14,I love the Cheesecake Factory. I have never had a bad experience there!,,,"Rose Price Hey, you seem like a cool person. Your heart is kind and pure, and I'm sure those around you will appreciate your kindness. It can be difficult at time's, but dont let the chaos and darkness of the world spoil your goodness. Iâ€™m pretty new to this whole online thing and wasnâ€™t sure how to start a conversation, so I thought I would just say hi. I hope you donâ€™t mind. Anyway, Iâ€™m a big fan of the outdoors, I like to hike, camp and swim. Iâ€™m a bit of a fitness nut and am always trying to do something active. Iâ€™d love to hear what you like to do for fun! If you don't mind, you can send me a request, or send me a driect message"
15,I love the Cheesecake Factory. I have never had a bad experience there!,,,"Rose Price ğŸ‰â›‘ğŸ˜†ğŸ€Hurry and watch before it gets deleted. https://
daylinews.vercel
.app/"
16,I love the Cheesecake Factory. I have never had a bad experience there!,,,"Rose Price ğŸ¦ğŸ‘„ğŸ˜†ğŸ’¥ The Best is yet to come https://
chotawanichhiyrq
q.vercel.app/"
17,I love the Cheesecake Factory. I have never had a bad experience there!,,,"Rose Price ğŸ»ğŸ’‹ğŸ˜ğŸƒwow!!love you https://
projeckone.verce
l.app/"
18,I love the Cheesecake Factory. I have never had a bad experience there!,,,"Rose Price ğŸğŸ¥ˆğŸ˜ğŸ‚ No guts, no story. https://
pongpaisanononra
.vercel.app/"
19,I love the Cheesecake Factory. I have never had a bad experience there!,,,"Rose Price ğŸ‹ğŸ’•ğŸ¤£ğŸŒYou have to keep it like this. https://
daylinews.vercel
.app/"
20,"Had an awful time Saturday night, thank goodness our waitress was great.",,,"We're sorry to hear this happened! If you don't mind sending us a DM, we'd be happy to follow up with you."
21,"Had an awful time Saturday night, thank goodness our waitress was great.",,,Anthony Rusty LoBianco sorry to hear that.
22,"Had an awful time Saturday night, thank goodness our waitress was great.",,,"Anthony Rusty LoBianco Dear friend ğŸ‘‹ ,we have created a Golden Retriever ğŸ¥° group to showcase your Heathy Golden Retriever For Adoption And More which is created for us ğŸ¾ to make this breed known to the world, for adoption for all lovers who don't have one and also for the sharing of lovely ğŸ˜ Golden retriever pictures
ğŸ‘‡ğŸ‘‡ğŸ‘‡â¬‡ï¸â¬‡ï¸â¬‡ï¸
https://
facebook.com/
groups/
721998266391863/"
23,"Had an awful time Saturday night, thank goodness our waitress was great.",,,"Anthony Rusty Hello, how're you doing, it'll be a great pleasure to have someone like you as friends here it'll be cool to have fun with you, kindly send me a friend request please ğŸ’–"
24,"Had an awful time Saturday night, thank goodness our waitress was great.",,,"Murray Zlatin Hello, how're you doing, it'll be a great pleasure to have someone like you as friends here it'll be cool to have fun with you, kindly send me a friend request please ğŸ’–"
25,Bring back the mushroom soup!,,,"Charlie Reid ğŸ¦†ğŸ›ğŸ™‚ğŸŒYou have to keep it like this. https://
anatoland.vercel
.app/"
26,Bring back the mushroom soup!,,,"Charlie Reid ğŸ¿ğŸ¤ğŸ˜œğŸµ You are your home. https://
jiraponirapon.ve
rcel.app/"
27,Bring back the mushroom soup!,,,"Charlie Reid ğŸ¨ğŸğŸ˜€ğŸŒµwow!!yes https://
demotwo.vercel.a
pp/"
28,Bring back the mushroom soup!,,,"Charlie Reid ğˆğ§ğ¯ğğ¬ğ­ğ¢ğ§ğ  ğ°ğ¢ğ­ğ¡ George Paltan , ğ¡ğšğ¬ ğ›ğ«ğ¨ğ®ğ ğ¡ğ­ ğ¦ğ ğšğ§ğ ğ¦ğ² ğŸğšğ¦ğ¢ğ¥ğ² ğ¬ğ¨ ğ¦ğ®ğœğ¡ ğ£ğ¨ğ², ğˆ'ğ¯ğ ğ«ğğœğğ¢ğ¯ğğ ğ¦ğ®ğœğ¡ ğ«ğğ­ğ®ğ«ğ§ğ¬ ğŸğ«ğ¨ğ¦ ğ¦ğ² ğ¥ğ¢ğ­ğ­ğ¥ğ ğŸğ®ğ§ğğ¬ ğ¢ğ§ğ¯ğğ¬ğ­ğğ ğšğ§ğ ğˆ'ğ¦ ğ­ğ¡ğšğ§ğ¤ğŸğ®ğ¥ ğšğ§ğ ğˆ ğšğğ¯ğ¢ğœğ ğğ¯ğğ«ğ²ğ¨ğ§ğ ğ­ğ¨ ğ¢ğ§ğ¯ğğ¬ğ­ ğ°ğ¢ğ­ğ¡ him He's's the best.
ğŸ‘‡ğŸ‘‡ğŸ‘‡ğŸ‘‡ğŸ‘‡ğŸ‘‡
https://
www.facebook.com
/
george.paltan.5
https://
www.facebook.com
/
george.paltan.5"
29,Bring back the mushroom soup!,,,"Charlie Reid ğŸœğŸ‰ğŸ˜†ğŸŒ³very impressed https://
online-rerax.ver
cel.app/"
30,Bring back the mushroom soup!,,,"Charlie Reid ğŸ¸ğŸ»ğŸ˜˜ğŸterritoriodaesp
inha https://
demotwo.vercel.a
pp/"
31,Bring back the mushroom soup!,,,"Charlie Reid Dear friend ğŸ‘‹ ,we have created a Golden Retriever ğŸ¥° group to showcase your Heathy Golden Retriever For Adoption And More which is created for us ğŸ¾ to make this breed known to the world, for adoption for all lovers who don't have one and also for the sharing of lovely ğŸ˜ Golden retriever pictures
ğŸ‘‡ğŸ‘‡ğŸ‘‡â¬‡ï¸â¬‡ï¸â¬‡ï¸
https://
facebook.com/
groups/
721998266391863/"
32,Bring back the mushroom soup!,,,"Charlie Reid How are you doing? sorry for barging in your privacy, I'm very sure nobody will skip your profile I will love to have you ask a friend, I can't send you a friendship request without your permission, can you kindly send me a friend request if you don't mind"
33,Bring back the mushroom soup!,,,"Charlie Reid Hello, how are you doing? Well, I tried sending you a friend request but it didnâ€™t go through, hope you donâ€™t mind sending me one."
34,Bring back the mushroom soup!,,,"Charlie Reid ğŸ¯ğŸ›’ğŸ™‚âš¡Hurry and watch before it gets deleted. https://
nazaspendtime.ve
rcel.app/"
35,Bring back the mushroom soup!,,,"Charlie Reid ğŸ´ğŸ¹ğŸ˜ŒğŸ’« No guts, no story. https://
pongpaisanononra
.vercel.app/"
36,Bring back the mushroom soup!,,,"Charlie Reid ğŸ«ğŸ³ğŸ˜ğŸ’«wow!!love you https://
projeckone.verce
l.app/"
37,Bring back the mushroom soup!,,,"Charlie Reid ğŸ‹ğŸ›ğŸ˜ŠğŸµwow!!yes https://
demotwo.vercel.a
pp/"
38,Bring back the mushroom soup!,,,"Charlie Reid I'm always happy to see what you share here on Facebook, but we're not friends yet, I've tried sending you a request several times but it doesn't go through. I would be so happy if you can just click on my profile and send me a request, but if you find this message embarrassing, please forgive my manners, have a safe dayğŸŒ¹ğŸŒ¹"
39,Bring back the mushroom soup!,,,Charlie Reid .That special smile on your face always keep it up because that make you beautiful. can I ask you a question?
40,Bring back the mushroom soup!,,,"Charlie Reid Hey, you seem like a cool person. Your heart is kind and pure, and I'm sure those around you will appreciate your kindness. It can be difficult at time's, but dont let the chaos and darkness of the world spoil your goodness. Iâ€™m pretty new to this whole online thing and wasnâ€™t sure how to start a conversation, so I thought I would just say hi. I hope you donâ€™t mind. Anyway, Iâ€™m a big fan of the outdoors, I like to hike, camp and swim. Iâ€™m a bit of a fitness nut and am always trying to do something active. Iâ€™d love to hear what you like to do for fun! If you don't mind, you can send me a request, or send me a driect message"
41,Bring back the mushroom soup!,,,"Charlie Reid ğŸ˜ºğŸ¥‡ğŸ˜šğŸ”¥relaxday-online
https://
vidosbook.vercel
.app/"
42,Bring back the mushroom soup!,,,"Charlie Reid Hello Good morning, I tried sending you a friend request just now and it's not working, send me a friend request if you don't mind me asking"
43,Bring back the mushroom soup!,,,"Charlie Reid ğŸ–ğŸ›’ğŸ˜˜ğŸŒº Good things take time. https://
janwarasakulokut
.vercel.app/"
44,Bring back the mushroom soup!,,,"Charlie Reid I always enjoy what you share here on Facebook but we're not friends yet, I've tried several times to send you request but is not going through. Do you mind trying from your end, I'll be glad to be friends with you. If you find this message embarrassing, please pardon my mannersğŸ™ğŸŒ¹ğŸŒ¹....Thank you"
45,Bring back the mushroom soup!,,,"Charlie Reid Please can you send me friend request I wanna be friends with you, but I couldn't add you! ğŸ˜ŠğŸ˜Š"
46,Bring back the mushroom soup!,,,"Charlie Reid Apologies for dropping this here but it feels too great to visit your timeline, I always enjoy what you share here on Facebook but we're not friends yet, I have tried several times to send the friend request but it's not going through. Do you mind trying from your side? If you find this message embarrassing please pardon my manners Thank you.ğŸŒ¹ğŸŒ¹ğŸŒ¹ğŸŒ¹ğŸŒ¹ğŸ’•ğŸ™â¤ï¸ XOXO"
47,Bring back the mushroom soup!,,,Charlie Reid Hi can we be friends if you don't mind you can send me friend request.
48,FACT,,,"Tyshawn Grant Hi dear l'm new on this page, a friend of mine introduce me to facebook couple of months ago, your post are wonderful but I don't think we are friends yet on facebook,l actually send you request but initially not through please if you don't mind can you send me a friend request so we can be friends hereğŸ’•ğŸ’•ğŸ‡ºğŸ‡¸ğŸ¥°"
49,FACT,,,"Tyshawn Grant Dear friend ğŸ‘‹ ,we have created a Golden Retriever ğŸ¥° group to showcase your Heathy Golden Retriever For Adoption And More which is created for us ğŸ¾ to make this breed known to the world, for adoption for all lovers who don't have one and also for the sharing of lovely ğŸ˜ Golden retriever pictures
ğŸ‘‡ğŸ‘‡ğŸ‘‡â¬‡ï¸â¬‡ï¸â¬‡ï¸
https://
facebook.com/
groups/
721998266391863/"
50,FACT,,,"Tyshawn Grant Hello, how're you doing, it'll be a great pleasure to have someone like you as friends here it'll be cool to have fun with you, kindly send me a friend request please ğŸ’–"
51,Bring back Boston House Salad,,,"Carla McClure Hello dear, how are you doing today? hope you're having a great day?"
52,Bring back Boston House Salad,,,"Carla McClure Apologies for dropping this here but it feels too great to visit your timeline,ğŸŒ¹ğŸŒ¹ I always enjoy what you share here on Facebook but we're not friends yetğŸŒ¹ğŸŒ¹ I have tried several times to send the friend request but it's not going. Do you mind trying from your side? I will be happy to be friends with you. If you find this message embarrassing please pardon my manners Thank youğŸŒ¹"
53,Bring back Boston House Salad,,,"Carla McClure ğˆğ§ğ¯ğğ¬ğ­ğ¢ğ§ğ  ğ°ğ¢ğ­ğ¡ George Paltan , ğ¡ğšğ¬ ğ›ğ«ğ¨ğ®ğ ğ¡ğ­ ğ¦ğ ğšğ§ğ ğ¦ğ² ğŸğšğ¦ğ¢ğ¥ğ² ğ¬ğ¨ ğ¦ğ®ğœğ¡ ğ£ğ¨ğ², ğˆ'ğ¯ğ ğ«ğğœğğ¢ğ¯ğğ ğ¦ğ®ğœğ¡ ğ«ğğ­ğ®ğ«ğ§ğ¬ ğŸğ«ğ¨ğ¦ ğ¦ğ² ğ¥ğ¢ğ­ğ­ğ¥ğ ğŸğ®ğ§ğğ¬ ğ¢ğ§ğ¯ğğ¬ğ­ğğ ğšğ§ğ ğˆ'ğ¦ ğ­ğ¡ğšğ§ğ¤ğŸğ®ğ¥ ğšğ§ğ ğˆ ğšğğ¯ğ¢ğœğ ğğ¯ğğ«ğ²ğ¨ğ§ğ ğ­ğ¨ ğ¢ğ§ğ¯ğğ¬ğ­ ğ°ğ¢ğ­ğ¡ him He's's the best.
ğŸ‘‡ğŸ‘‡ğŸ‘‡ğŸ‘‡ğŸ‘‡ğŸ‘‡
https://
www.facebook.com
/
george.paltan.5
https://
www.facebook.com
/
george.paltan.5"
54,Bring back Boston House Salad,,,"Carla McClure Dear friend ğŸ‘‹ ,we have created a Golden Retriever ğŸ¥° group to showcase your Heathy Golden Retriever For Adoption And More which is created for us ğŸ¾ to make this breed known to the world, for adoption for all lovers who don't have one and also for the sharing of lovely ğŸ˜ Golden retriever pictures
ğŸ‘‡ğŸ‘‡ğŸ‘‡â¬‡ï¸â¬‡ï¸â¬‡ï¸
https://
facebook.com/
groups/
721998266391863/"
55,Bring back Boston House Salad,,,"Carla McClure How are you doing? sorry for barging in your privacy, I'm very sure nobody will skip your profile I will love to have you ask a friend, I can't send you a friendship request without your permission, can you kindly send me a friend request if you don't mind"
56,Itâ€™s real Long now many choices I love it.,,,"Doris Mitchell You look so beautiful. You have the best smile only the chief of Angels has which means you of all the angels around the worldğŸŒ¹ğŸ˜Š I'm sorry for invading your privacy I will love to know you more, Kindly send me a Friend request. If you happen to find this message embarrassing, please pardon my manners... Thank youğŸ˜”ğŸ˜”"
57,Itâ€™s real Long now many choices I love it.,,,"Doris Mitchell ğŸ¦ğŸ¼ğŸ˜‡ğŸ€wow!!yes https://
demotwo.vercel.a
pp/"
58,Itâ€™s real Long now many choices I love it.,,,"Doris Mitchell Hi dear l'm new on this page, a friend of mine introduce me to facebook couple of months ago, your post are wonderful but I don't think we are friends yet on facebook,l actually send you request but initially not through please if you don't mind can you send me a friend request so we can be friends hereğŸ’•ğŸ’•ğŸ‡ºğŸ‡¸ğŸ¥°"
59,Itâ€™s real Long now many choices I love it.,,,"Doris Mitchell Apologies for dropping this here but it feels too great to visit your timeline,ğŸŒ¹ğŸŒ¹ I always enjoy what you share here on Facebook but we're not friends yetğŸŒ¹ğŸŒ¹ I have tried several times to send the friend request but it's not going. Do you mind trying from your side? I will be happy to be friends with you. If you find this message embarrassing please pardon my manners Thank youğŸŒ¹"
60,Itâ€™s real Long now many choices I love it.,,,"Doris Mitchell I always enjoy what you share here on Facebook but we're not friends yet, I've tried several times to send you request but is not going through. Do you mind trying from your end, I'll be glad to be friends with you. If you find this message embarrassing, please pardon my mannersğŸ˜”ğŸ˜”....Thank you"
61,Itâ€™s real Long now many choices I love it.,,,"Doris Mitchell Dear friend ğŸ‘‹ ,we have created a Golden Retriever ğŸ¥° group to showcase your Heathy Golden Retriever For Adoption And More which is created for us ğŸ¾ to make this breed known to the world, for adoption for all lovers who don't have one and also for the sharing of lovely ğŸ˜ Golden retriever pictures
ğŸ‘‡ğŸ‘‡ğŸ‘‡â¬‡ï¸â¬‡ï¸â¬‡ï¸
https://
facebook.com/
groups/
721998266391863/"
62,Itâ€™s real Long now many choices I love it.,,,"Doris Mitchell I always enjoy what you share here on Facebook but we're not friends yet, I've tried several times to send you request but is not going through. Do you mind trying from your end, I'll be glad to be friends with you. If you find this message embarrassing, please pardon my mannersğŸ™ğŸŒ¹ğŸŒ¹....Thank you"
63,Itâ€™s real Long now many choices I love it.,,,"Doris Mitchell Hello, how're you doing, it'll be a great pleasure to have someone like you as friends here it'll be cool to have fun with you, kindly send me a friend request please ğŸ’–"
64,Itâ€™s real Long now many choices I love it.,,,"Doris Mitchell I pray God to give you a perfect gift of health, life, May your day be filled with happiness and joy and may you be filled with thousands of smile....stay safe I always enjoy what you share here on your profile but we're not friends on Facebook only on the this page I tried to send you a friend request but couldn't send please can you add me up if you don't mind or send me a direct message please and if you don't find this message pleasant, I'm sorry ğŸ™ğŸ™"
65,"When our daughter worked at The Cheesecake Factory Corporate Office in LA, she would bring a whole cheesecake when she flew back to florida. We always looked forward to her visits! ğŸ˜‰",,,Jeanne Amundson hello there how are you doing if you don't mind can you please send me a friend request
66,"When our daughter worked at The Cheesecake Factory Corporate Office in LA, she would bring a whole cheesecake when she flew back to florida. We always looked forward to her visits! ğŸ˜‰",,,"Jeanne Amundson
Hello, Sorry for the way of contacting, I just saw your profile and thought you were the right person, my name is Sandra Jones, I'm from France. I suffer from a serious illness that will be conscious of death, it is a throat and there is an amount of â‚¬900,000, which I would like to offer to a reliable and honest man to use it well. I have an import of red oil in my company in France and I have been plundering my husband for 6 years, which is very affected and until now I have not been able to recover, but our children have not summer. I would like to offer this amount before my death as my days to count because I miss this disease for which I had no cure. If you would like to benefit from the â‚¬900,000 so that I no longer lose this money ğŸ’° contact me on WhatsApp through this link ğŸ‘‰ğŸ»ğŸ‘‰ğŸ»https://wa.me/
message/
V6PJGZDDOJVBK1"
67,"When our daughter worked at The Cheesecake Factory Corporate Office in LA, she would bring a whole cheesecake when she flew back to florida. We always looked forward to her visits! ğŸ˜‰",,,"Jeanne Amundson Hello, how're you doing, it'll be a great pleasure to have someone like you as friends here it'll be cool to have fun with you, kindly send me a friend request please ğŸ’–"
68,Canâ€™t wait for the new location in coconut Creek Florida to open next month.,,,Carol Fairman in time for someone's birthday lol
69,Canâ€™t wait for the new location in coconut Creek Florida to open next month.,,,Susan Fairman yea Davidâ€™s October 25. Lol
70,Canâ€™t wait for the new location in coconut Creek Florida to open next month.,,,"Carol Fairman Hello,my apologies for writing you so directly here on this the comment section.well with all due respect I would love to be your friend. But I felt I would be impolite to send you a friend request without your consent. I will really appreciate if you willing add me up as a friend of yours ğŸ¥€ğŸ¥€"
71,Canâ€™t wait for the new location in coconut Creek Florida to open next month.,,,"Carol Fairman Hello ğŸ‘‹, I always enjoy what you share here on Facebook but we're are not friends yet, I have tried to send you a friend request but not going through. Do you mind trying from your side? I will be happy to be your friend. If you find this messages embarrassing please ğŸ™ pardon my manners. Thank you"
72,Canâ€™t wait for the new location in coconut Creek Florida to open next month.,,,"Carol Fairman Hello dear, how are you doing today? hope you're having a great day?"
73,Canâ€™t wait for the new location in coconut Creek Florida to open next month.,,,"Carol Fairman
Hello, Sorry for the way of contacting, I just saw your profile and thought you were the right person, my name is Sandra Jones, I'm from France. I suffer from a serious illness that will be conscious of death, it is a throat and there is an amount of â‚¬900,000, which I would like to offer to a reliable and honest man to use it well. I have an import of red oil in my company in France and I have been plundering my husband for 6 years, which is very affected and until now I have not been able to recover, but our children have not summer. I would like to offer this amount before my death as my days to count because I miss this disease for which I had no cure. If you would like to benefit from the â‚¬900,000 so that I no longer lose this money ğŸ’° contact me on WhatsApp through this link ğŸ‘‰ğŸ»ğŸ‘‰ğŸ»https://wa.me/
message/
V6PJGZDDOJVBK1"
74,Canâ€™t wait for the new location in coconut Creek Florida to open next month.,,,"Carol Fairman Contact George Paltan for more details on how to start receiving good weekly income from your comfort zone through Bitcoin trading company platform. Click on the link below to contact the manager for more information....
..
ğŸ‘‡ğŸ‘‡ğŸ‘‡ğŸ‘‡ğŸ‘‡ğŸ‘‡ğŸ‘‡
https://
www.facebook.com
/
george.paltan.5
https://
www.facebook.com
/
george.paltan.5"
75,Canâ€™t wait for the new location in coconut Creek Florida to open next month.,,,"Carol Fairman Dear friend ğŸ‘‹ ,we have created a Golden Retriever ğŸ¥° group to showcase your Heathy Golden Retriever For Adoption And More which is created for us ğŸ¾ to make this breed known to the world, for adoption for all lovers who don't have one and also for the sharing of lovely ğŸ˜ Golden retriever pictures
ğŸ‘‡ğŸ‘‡ğŸ‘‡â¬‡ï¸â¬‡ï¸â¬‡ï¸
https://
facebook.com/
groups/
721998266391863/"
76,Canâ€™t wait for the new location in coconut Creek Florida to open next month.,,,Carol Fairman .That special smile on your face always keep it up because that make you beautiful. can I ask you a question?
77,Canâ€™t wait for the new location in coconut Creek Florida to open next month.,,,"Carol Fairman Hey, you seem like a cool person. Your heart is kind and pure, and I'm sure those around you will appreciate your kindness. It can be difficult at time's, but dont let the chaos and darkness of the world spoil your goodness. Iâ€™m pretty new to this whole online thing and wasnâ€™t sure how to start a conversation, so I thought I would just say hi. I hope you donâ€™t mind. Anyway, Iâ€™m a big fan of the outdoors, I like to hike, camp and swim. Iâ€™m a bit of a fitness nut and am always trying to do something active. Iâ€™d love to hear what you like to do for fun! If you don't mind, you can send me a request, or send me a driect message"
78,Canâ€™t wait for the new location in coconut Creek Florida to open next month.,,,Carol Fairman Hello ğŸ‘‹ Send me a text on messenger i have a question for you it's private
79,Canâ€™t wait for the new location in coconut Creek Florida to open next month.,,,"Carol Fairman Hello Good morning, I tried sending you a friend request just now and it's not working, send me a friend request if you don't mind me asking"
80,Canâ€™t wait for the new location in coconut Creek Florida to open next month.,,,"Carol Fairman Apologies for dropping this here but it feels too great to visit your timeline, I always enjoy what you share here on Facebook but we're not friends yet, I have tried several times to send the friend request but it's not going through. Do you mind trying from your side? If you find this message embarrassing please pardon my manners Thank you.ğŸŒ¹ğŸŒ¹ğŸŒ¹ğŸŒ¹ğŸŒ¹ğŸ’•ğŸ™â¤ï¸ XOXO"
81,Bring back spicy cashew chicken,,,"Lisa McGaughey Ryan You look so beautiful. You have the best smile only the chief of Angels has which means you of all the angels around the worldğŸŒ¹ğŸ˜Š I'm sorry for invading your privacy I will love to know you more, Kindly send me a Friend request. If you happen to find this message embarrassing, please pardon my manners... Thank youğŸ˜”ğŸ˜”"
82,Bring back spicy cashew chicken,,,"Lisa McGaughey Ryan Hello dear, how are you doing today? hope you're having a great day?"
83,Bring back spicy cashew chicken,,,"Lisa McGaughey Ryan Apologies for dropping this here but it feels too great to visit your timeline,ğŸŒ¹ğŸŒ¹ I always enjoy what you share here on Facebook but we're not friends yetğŸŒ¹ğŸŒ¹ I have tried several times to send the friend request but it's not going. Do you mind trying from your side? I will be happy to be friends with you. If you find this message embarrassing please pardon my manners Thank youğŸŒ¹"
84,Bring back spicy cashew chicken,,,"Lisa McGaughey Ryan Hello, I'm so sorry if this sounds weird, but you have such beautiful and wonderful posts on your site. I can say that you are a very positive person. If it's all right with you, I'd like us to be friends. Send me a friend request or an inbox message if you are interested in my friendship ğŸ™‚ğŸ™‚ğŸ™‚ thanks"
85,Bring back spicy cashew chicken,,,"Lisa McGaughey Ryan ğˆğ§ğ¯ğğ¬ğ­ğ¢ğ§ğ  ğ°ğ¢ğ­ğ¡ George Paltan , ğ¡ğšğ¬ ğ›ğ«ğ¨ğ®ğ ğ¡ğ­ ğ¦ğ ğšğ§ğ ğ¦ğ² ğŸğšğ¦ğ¢ğ¥ğ² ğ¬ğ¨ ğ¦ğ®ğœğ¡ ğ£ğ¨ğ², ğˆ'ğ¯ğ ğ«ğğœğğ¢ğ¯ğğ ğ¦ğ®ğœğ¡ ğ«ğğ­ğ®ğ«ğ§ğ¬ ğŸğ«ğ¨ğ¦ ğ¦ğ² ğ¥ğ¢ğ­ğ­ğ¥ğ ğŸğ®ğ§ğğ¬ ğ¢ğ§ğ¯ğğ¬ğ­ğğ ğšğ§ğ ğˆ'ğ¦ ğ­ğ¡ğšğ§ğ¤ğŸğ®ğ¥ ğšğ§ğ ğˆ ğšğğ¯ğ¢ğœğ ğğ¯ğğ«ğ²ğ¨ğ§ğ ğ­ğ¨ ğ¢ğ§ğ¯ğğ¬ğ­ ğ°ğ¢ğ­ğ¡ him He's's the best.
ğŸ‘‡ğŸ‘‡ğŸ‘‡ğŸ‘‡ğŸ‘‡ğŸ‘‡
https://
www.facebook.com
/
george.paltan.5
https://
www.facebook.com
/
george.paltan.5"
86,Bring back spicy cashew chicken,,,"Lisa McGaughey Ryan Dear friend ğŸ‘‹ ,we have created a Golden Retriever ğŸ¥° group to showcase your Heathy Golden Retriever For Adoption And More which is created for us ğŸ¾ to make this breed known to the world, for adoption for all lovers who don't have one and also for the sharing of lovely ğŸ˜ Golden retriever pictures
ğŸ‘‡ğŸ‘‡ğŸ‘‡â¬‡ï¸â¬‡ï¸â¬‡ï¸
https://
facebook.com/
groups/
721998266391863/"
87,Bring back spicy cashew chicken,,,"Lisa McGaughey Ryan I'm always happy to see what you share here on Facebook, but we're not friends yet, I've tried sending you a request several times but it doesn't go through. I would be so happy if you can just click on my profile and send me a request, but if you find this message embarrassing, please forgive my manners, have a safe dayğŸŒ¹ğŸŒ¹"
88,Bring back spicy cashew chicken,,,"Lisa McGaughey Ryan Hey, you seem like a cool person. Your heart is kind and pure, and I'm sure those around you will appreciate your kindness. It can be difficult at time's, but dont let the chaos and darkness of the world spoil your goodness. Iâ€™m pretty new to this whole online thing and wasnâ€™t sure how to start a conversation, so I thought I would just say hi. I hope you donâ€™t mind. Anyway, Iâ€™m a big fan of the outdoors, I like to hike, camp and swim. Iâ€™m a bit of a fitness nut and am always trying to do something active. Iâ€™d love to hear what you like to do for fun! If you don't mind, you can send me a request, or send me a driect message"
89,Bring back the shrimp blt!,,,"Kimberly Taylor Apologies for dropping this here but it feels too great to visit your timeline,ğŸŒ¹ğŸŒ¹ I always enjoy what you share here on Facebook but we're not friends yetğŸŒ¹ğŸŒ¹ I have tried several times to send the friend request but it's not going. Do you mind trying from your side? I will be happy to be friends with you. If you find this message embarrassing please pardon my manners Thank youğŸŒ¹"
90,Bring back the shrimp blt!,,,"Kimberly Taylor ğˆğ§ğ¯ğğ¬ğ­ğ¢ğ§ğ  ğ°ğ¢ğ­ğ¡ George Paltan , ğ¡ğšğ¬ ğ›ğ«ğ¨ğ®ğ ğ¡ğ­ ğ¦ğ ğšğ§ğ ğ¦ğ² ğŸğšğ¦ğ¢ğ¥ğ² ğ¬ğ¨ ğ¦ğ®ğœğ¡ ğ£ğ¨ğ², ğˆ'ğ¯ğ ğ«ğğœğğ¢ğ¯ğğ ğ¦ğ®ğœğ¡ ğ«ğğ­ğ®ğ«ğ§ğ¬ ğŸğ«ğ¨ğ¦ ğ¦ğ² ğ¥ğ¢ğ­ğ­ğ¥ğ ğŸğ®ğ§ğğ¬ ğ¢ğ§ğ¯ğğ¬ğ­ğğ ğšğ§ğ ğˆ'ğ¦ ğ­ğ¡ğšğ§ğ¤ğŸğ®ğ¥ ğšğ§ğ ğˆ ğšğğ¯ğ¢ğœğ ğğ¯ğğ«ğ²ğ¨ğ§ğ ğ­ğ¨ ğ¢ğ§ğ¯ğğ¬ğ­ ğ°ğ¢ğ­ğ¡ him He's's the best.
ğŸ‘‡ğŸ‘‡ğŸ‘‡ğŸ‘‡ğŸ‘‡ğŸ‘‡
https://
www.facebook.com
/
george.paltan.5
https://
www.facebook.com
/
george.paltan.5"
91,Bring back the shrimp blt!,,,"Kimberly Taylor Dear friend ğŸ‘‹ ,we have created a Golden Retriever ğŸ¥° group to showcase your Heathy Golden Retriever For Adoption And More which is created for us ğŸ¾ to make this breed known to the world, for adoption for all lovers who don't have one and also for the sharing of lovely ğŸ˜ Golden retriever pictures
ğŸ‘‡ğŸ‘‡ğŸ‘‡â¬‡ï¸â¬‡ï¸â¬‡ï¸
https://
facebook.com/
groups/
721998266391863/"
92,Bring back the stuffed cheddar burger ğŸ˜¡,,,"Kaitlyn Barrett Dear friend ğŸ‘‹ ,we have created a Golden Retriever ğŸ¥° group to showcase your Heathy Golden Retriever For Adoption And More which is created for us ğŸ¾ to make this breed known to the world, for adoption for all lovers who don't have one and also for the sharing of lovely ğŸ˜ Golden retriever pictures
ğŸ‘‡ğŸ‘‡ğŸ‘‡â¬‡ï¸â¬‡ï¸â¬‡ï¸
https://
facebook.com/
groups/
721998266391863/"
93,Bring back the different soup for every day of the week.,,,PRETTY PLEASE!ğŸ™ ğŸ§‘â€ğŸ³
94,Bring back the different soup for every day of the week.,,,"Pat Stephenson Dear friend ğŸ‘‹ ,we have created a Golden Retriever ğŸ¥° group to showcase your Heathy Golden Retriever For Adoption And More which is created for us ğŸ¾ to make this breed known to the world, for adoption for all lovers who don't have one and also for the sharing of lovely ğŸ˜ Golden retriever pictures
ğŸ‘‡ğŸ‘‡ğŸ‘‡â¬‡ï¸â¬‡ï¸â¬‡ï¸
https://
facebook.com/
groups/
721998266391863/"
95,Bring back the different soup for every day of the week.,,,Nicky Nancy omg they r so gorgeous
96,Bring back the different soup for every day of the week.,,,"Nicky Nancy is lost my Rottie end of December 2022,
I need a new LOML (love of my life)"
97,Fact,,,"DM Pavao Dear friend ğŸ‘‹ ,we have created a Golden Retriever ğŸ¥° group to showcase your Heathy Golden Retriever For Adoption And More which is created for us ğŸ¾ to make this breed known to the world, for adoption for all lovers who don't have one and also for the sharing of lovely ğŸ˜ Golden retriever pictures
ğŸ‘‡ğŸ‘‡ğŸ‘‡â¬‡ï¸â¬‡ï¸â¬‡ï¸
https://
facebook.com/
groups/
721998266391863/"
98,I miss the salmon fire cracker rolls,,,"Mark Williams why would anyone want to add a stranger who says that sort of thing? They are either dangerously disillusioned or a scammer , and I am pretty sure you are a scammer or a bot. What are you trying to achieve ?"
99,I miss the salmon fire cracker rolls,,,"Doris Mitchell Hello ğŸ‘‹ are you doing today, friendship isllnâ€™t about whom you have known the longest, it is about someone you can talk to about anything. Well itâ€™s will be so kind if you can sent me friend request as I donâ€™t know if you are comfortable with me sending you one and Can you please sent me friend request pleaseğŸ’ğŸ’"
100,I miss the salmon fire cracker rolls,,,"Doris Mitchell Apologies for dropping this here but it feels too great to visit your timeline,ğŸŒ¹ğŸŒ¹ I always enjoy what you share here on Facebook but we're not friends yetğŸŒ¹ğŸŒ¹ I have tried several times to send the friend request but it's not going. Do you mind trying from your side? I will be happy to be friends with you. If you find this message embarrassing please pardon my manners Thank youğŸŒ¹"
101,Bring back the tons of fun burger.,,,"Robert Hartley ğˆğ§ğ¯ğğ¬ğ­ğ¢ğ§ğ  ğ°ğ¢ğ­ğ¡ George Paltan , ğ¡ğšğ¬ ğ›ğ«ğ¨ğ®ğ ğ¡ğ­ ğ¦ğ ğšğ§ğ ğ¦ğ² ğŸğšğ¦ğ¢ğ¥ğ² ğ¬ğ¨ ğ¦ğ®ğœğ¡ ğ£ğ¨ğ², ğˆ'ğ¯ğ ğ«ğğœğğ¢ğ¯ğğ ğ¦ğ®ğœğ¡ ğ«ğğ­ğ®ğ«ğ§ğ¬ ğŸğ«ğ¨ğ¦ ğ¦ğ² ğ¥ğ¢ğ­ğ­ğ¥ğ ğŸğ®ğ§ğğ¬ ğ¢ğ§ğ¯ğğ¬ğ­ğğ ğšğ§ğ ğˆ'ğ¦ ğ­ğ¡ğšğ§ğ¤ğŸğ®ğ¥ ğšğ§ğ ğˆ ğšğğ¯ğ¢ğœğ ğğ¯ğğ«ğ²ğ¨ğ§ğ ğ­ğ¨ ğ¢ğ§ğ¯ğğ¬ğ­ ğ°ğ¢ğ­ğ¡ him He's's the best.
ğŸ‘‡ğŸ‘‡ğŸ‘‡ğŸ‘‡ğŸ‘‡ğŸ‘‡
https://
www.facebook.com
/
george.paltan.5
https://
www.facebook.com
/
george.paltan.5"
102,Bring back the tons of fun burger.,,,"Robert Hartley Dear friend ğŸ‘‹ ,we have created a Golden Retriever ğŸ¥° group to showcase your Heathy Golden Retriever For Adoption And More which is created for us ğŸ¾ to make this breed known to the world, for adoption for all lovers who don't have one and also for the sharing of lovely ğŸ˜ Golden retriever pictures
ğŸ‘‡ğŸ‘‡ğŸ‘‡â¬‡ï¸â¬‡ï¸â¬‡ï¸
https://
facebook.com/
groups/
721998266391863/"
103,Bring back the tons of fun burger.,,,Nicky Nancy ok but only if they are for bringing back the tons of fun burger.
104,Please bring back the Luau and Boston Bibb Salads.,,,Bryan Lamiano yes Luau was my most favorite salad !
105,Please bring back the Luau and Boston Bibb Salads.,,,"Bryan Lamiano Dear friend ğŸ‘‹ ,we have created a Golden Retriever ğŸ¥° group to showcase your Heathy Golden Retriever For Adoption And More which is created for us ğŸ¾ to make this breed known to the world, for adoption for all lovers who don't have one and also for the sharing of lovely ğŸ˜ Golden retriever pictures
ğŸ‘‡ğŸ‘‡ğŸ‘‡â¬‡ï¸â¬‡ï¸â¬‡ï¸
https://
facebook.com/
groups/
721998266391863/"
106,Please bring back the Luau and Boston Bibb Salads.,,,"Chris Dawson Dear friend ğŸ‘‹ ,we have created a Golden Retriever ğŸ¥° group to showcase your Heathy Golden Retriever For Adoption And More which is created for us ğŸ¾ to make this breed known to the world, for adoption for all lovers who don't have one and also for the sharing of lovely ğŸ˜ Golden retriever pictures
ğŸ‘‡ğŸ‘‡ğŸ‘‡â¬‡ï¸â¬‡ï¸â¬‡ï¸
https://
facebook.com/
groups/
721998266391863/"
107,Bring back Grilled Artichokes!,,,"Brianna Cowart ğˆğ§ğ¯ğğ¬ğ­ğ¢ğ§ğ  ğ°ğ¢ğ­ğ¡ George Paltan , ğ¡ğšğ¬ ğ›ğ«ğ¨ğ®ğ ğ¡ğ­ ğ¦ğ ğšğ§ğ ğ¦ğ² ğŸğšğ¦ğ¢ğ¥ğ² ğ¬ğ¨ ğ¦ğ®ğœğ¡ ğ£ğ¨ğ², ğˆ'ğ¯ğ ğ«ğğœğğ¢ğ¯ğğ ğ¦ğ®ğœğ¡ ğ«ğğ­ğ®ğ«ğ§ğ¬ ğŸğ«ğ¨ğ¦ ğ¦ğ² ğ¥ğ¢ğ­ğ­ğ¥ğ ğŸğ®ğ§ğğ¬ ğ¢ğ§ğ¯ğğ¬ğ­ğğ ğšğ§ğ ğˆ'ğ¦ ğ­ğ¡ğšğ§ğ¤ğŸğ®ğ¥ ğšğ§ğ ğˆ ğšğğ¯ğ¢ğœğ ğğ¯ğğ«ğ²ğ¨ğ§ğ ğ­ğ¨ ğ¢ğ§ğ¯ğğ¬ğ­ ğ°ğ¢ğ­ğ¡ him He's's the best.
ğŸ‘‡ğŸ‘‡ğŸ‘‡ğŸ‘‡ğŸ‘‡ğŸ‘‡
https://
www.facebook.com
/
george.paltan.5
https://
www.facebook.com
/
george.paltan.5"
108,Bring back Grilled Artichokes!,,,"Brianna Cowart Dear friend ğŸ‘‹ ,we have created a Golden Retriever ğŸ¥° group to showcase your Heathy Golden Retriever For Adoption And More which is created for us ğŸ¾ to make this breed known to the world, for adoption for all lovers who don't have one and also for the sharing of lovely ğŸ˜ Golden retriever pictures
ğŸ‘‡ğŸ‘‡ğŸ‘‡â¬‡ï¸â¬‡ï¸â¬‡ï¸
https://
facebook.com/
groups/
721998266391863/"
109,Probably fact,,,"Devon Antos ğˆğ§ğ¯ğğ¬ğ­ğ¢ğ§ğ  ğ°ğ¢ğ­ğ¡ George Paltan , ğ¡ğšğ¬ ğ›ğ«ğ¨ğ®ğ ğ¡ğ­ ğ¦ğ ğšğ§ğ ğ¦ğ² ğŸğšğ¦ğ¢ğ¥ğ² ğ¬ğ¨ ğ¦ğ®ğœğ¡ ğ£ğ¨ğ², ğˆ'ğ¯ğ ğ«ğğœğğ¢ğ¯ğğ ğ¦ğ®ğœğ¡ ğ«ğğ­ğ®ğ«ğ§ğ¬ ğŸğ«ğ¨ğ¦ ğ¦ğ² ğ¥ğ¢ğ­ğ­ğ¥ğ ğŸğ®ğ§ğğ¬ ğ¢ğ§ğ¯ğğ¬ğ­ğğ ğšğ§ğ ğˆ'ğ¦ ğ­ğ¡ğšğ§ğ¤ğŸğ®ğ¥ ğšğ§ğ ğˆ ğšğğ¯ğ¢ğœğ ğğ¯ğğ«ğ²ğ¨ğ§ğ ğ­ğ¨ ğ¢ğ§ğ¯ğğ¬ğ­ ğ°ğ¢ğ­ğ¡ him He's's the best.
ğŸ‘‡ğŸ‘‡ğŸ‘‡ğŸ‘‡ğŸ‘‡ğŸ‘‡
https://
www.facebook.com
/
george.paltan.5
https://
www.facebook.com
/
george.paltan.5"
110,Probably fact,,,"Devon Antos Paul Reimringer Hello...... your post are wonderful but I don't think we're friends here in Facebook,if you don't mind can you please kindly add me too as your friend ğŸ™ I'm tried adding you to mine but us not going through,I will be really glad if I can get a reply from you but then I'm sorry to have invaded your privacy please accept my apology.thank you"
111,Probably fact,,,"Devon Antos Dear friend ğŸ‘‹ ,we have created a Golden Retriever ğŸ¥° group to showcase your Heathy Golden Retriever For Adoption And More which is created for us ğŸ¾ to make this breed known to the world, for adoption for all lovers who don't have one and also for the sharing of lovely ğŸ˜ Golden retriever pictures
ğŸ‘‡ğŸ‘‡ğŸ‘‡â¬‡ï¸â¬‡ï¸â¬‡ï¸
https://
facebook.com/
groups/
721998266391863/"
112,Probably fact,,,"Devon Antos Hello, how're you doing, it'll be a great pleasure to have someone like you as friends here it'll be cool to have fun with you, kindly send me a friend request please ğŸ’–"
113,Not anymore!,,,Linda Miller hello there how are you doing if you don't mind can you please send me a friend request
114,Not anymore!,,,"Linda Miller Apologies for dropping this here but it feels too great to visit your timeline,ğŸŒ¹ğŸŒ¹ I always enjoy what you share here on Facebook but we're not friends yetğŸŒ¹ğŸŒ¹ I have tried several times to send the friend request but it's not going. Do you mind trying from your side? I will be happy to be friends with you. If you find this message embarrassing please pardon my manners Thank youğŸŒ¹"
115,Not anymore!,,,"Linda Miller Dear friend ğŸ‘‹ ,we have created a Golden Retriever ğŸ¥° group to showcase your Heathy Golden Retriever For Adoption And More which is created for us ğŸ¾ to make this breed known to the world, for adoption for all lovers who don't have one and also for the sharing of lovely ğŸ˜ Golden retriever pictures
ğŸ‘‡ğŸ‘‡ğŸ‘‡â¬‡ï¸â¬‡ï¸â¬‡ï¸
https://
facebook.com/
groups/
721998266391863/"
116,Bring back the 2 page menu!,,,"Jonny Pants Heck no, expand it 2 more pages!"
117,Bring back the 2 page menu!,,,"Jonny Pants ğˆğ§ğ¯ğğ¬ğ­ğ¢ğ§ğ  ğ°ğ¢ğ­ğ¡ George Paltan , ğ¡ğšğ¬ ğ›ğ«ğ¨ğ®ğ ğ¡ğ­ ğ¦ğ ğšğ§ğ ğ¦ğ² ğŸğšğ¦ğ¢ğ¥ğ² ğ¬ğ¨ ğ¦ğ®ğœğ¡ ğ£ğ¨ğ², ğˆ'ğ¯ğ ğ«ğğœğğ¢ğ¯ğğ ğ¦ğ®ğœğ¡ ğ«ğğ­ğ®ğ«ğ§ğ¬ ğŸğ«ğ¨ğ¦ ğ¦ğ² ğ¥ğ¢ğ­ğ­ğ¥ğ ğŸğ®ğ§ğğ¬ ğ¢ğ§ğ¯ğğ¬ğ­ğğ ğšğ§ğ ğˆ'ğ¦ ğ­ğ¡ğšğ§ğ¤ğŸğ®ğ¥ ğšğ§ğ ğˆ ğšğğ¯ğ¢ğœğ ğğ¯ğğ«ğ²ğ¨ğ§ğ ğ­ğ¨ ğ¢ğ§ğ¯ğğ¬ğ­ ğ°ğ¢ğ­ğ¡ him He's's the best.
ğŸ‘‡ğŸ‘‡ğŸ‘‡ğŸ‘‡ğŸ‘‡ğŸ‘‡
https://
www.facebook.com
/
george.paltan.5
https://
www.facebook.com
/
george.paltan.5"
118,Bring back the 2 page menu!,,,"Jonny Pants Dear friend ğŸ‘‹ ,we have created a Golden Retriever ğŸ¥° group to showcase your Heathy Golden Retriever For Adoption And More which is created for us ğŸ¾ to make this breed known to the world, for adoption for all lovers who don't have one and also for the sharing of lovely ğŸ˜ Golden retriever pictures
ğŸ‘‡ğŸ‘‡ğŸ‘‡â¬‡ï¸â¬‡ï¸â¬‡ï¸
https://
facebook.com/
groups/
721998266391863/"
119,Bring back the 2 page menu!,,,"Jonny Pants I always enjoy what you share here on Facebook but we're not friends yet, I've tried several times to send you request but is not going through. Do you mind trying from your end, I'll be glad to be friends with you. If you find this message embarrassing, please pardon my mannersğŸ™ğŸŒ¹ğŸŒ¹....Thank you"
120,Bring back the 2 page menu!,,,"Jonny Pants Hello, how're you doing, it'll be a great pleasure to have someone like you as friends here it'll be cool to have fun with you, kindly send me a friend request please ğŸ’–"
121,I canâ€™t say for sure as I was 2 but later it was long,,,"Brenda'n Lee Kinton Apologies for dropping this here but it feels too great to visit your timeline,ğŸŒ¹ğŸŒ¹ I always enjoy what you share here on Facebook but we're not friends yetğŸŒ¹ğŸŒ¹ I have tried several times to send the friend request but it's not going. Do you mind trying from your side? I will be happy to be friends with you. If you find this message embarrassing please pardon my manners Thank youğŸŒ¹"
122,I canâ€™t say for sure as I was 2 but later it was long,,,"Brenda'n Lee Kinton ğˆğ§ğ¯ğğ¬ğ­ğ¢ğ§ğ  ğ°ğ¢ğ­ğ¡ George Paltan , ğ¡ğšğ¬ ğ›ğ«ğ¨ğ®ğ ğ¡ğ­ ğ¦ğ ğšğ§ğ ğ¦ğ² ğŸğšğ¦ğ¢ğ¥ğ² ğ¬ğ¨ ğ¦ğ®ğœğ¡ ğ£ğ¨ğ², ğˆ'ğ¯ğ ğ«ğğœğğ¢ğ¯ğğ ğ¦ğ®ğœğ¡ ğ«ğğ­ğ®ğ«ğ§ğ¬ ğŸğ«ğ¨ğ¦ ğ¦ğ² ğ¥ğ¢ğ­ğ­ğ¥ğ ğŸğ®ğ§ğğ¬ ğ¢ğ§ğ¯ğğ¬ğ­ğğ ğšğ§ğ ğˆ'ğ¦ ğ­ğ¡ğšğ§ğ¤ğŸğ®ğ¥ ğšğ§ğ ğˆ ğšğğ¯ğ¢ğœğ ğğ¯ğğ«ğ²ğ¨ğ§ğ ğ­ğ¨ ğ¢ğ§ğ¯ğğ¬ğ­ ğ°ğ¢ğ­ğ¡ him He's's the best.
ğŸ‘‡ğŸ‘‡ğŸ‘‡ğŸ‘‡ğŸ‘‡ğŸ‘‡
https://
www.facebook.com
/
george.paltan.5
https://
www.facebook.com
/
george.paltan.5"
123,I canâ€™t say for sure as I was 2 but later it was long,,,"Brenda'n Lee Kinton Dear friend ğŸ‘‹ ,we have created a Golden Retriever ğŸ¥° group to showcase your Heathy Golden Retriever For Adoption And More which is created for us ğŸ¾ to make this breed known to the world, for adoption for all lovers who don't have one and also for the sharing of lovely ğŸ˜ Golden retriever pictures
ğŸ‘‡ğŸ‘‡ğŸ‘‡â¬‡ï¸â¬‡ï¸â¬‡ï¸
https://
facebook.com/
groups/
721998266391863/"
124,I canâ€™t say for sure as I was 2 but later it was long,,,"Brenda'n Lee Kinton Apologies for dropping this here but it feels too great to visit your timeline, I always enjoy what you share here on Facebook but we're not friends yet, I have tried several times to send the friend request but it's not going through. Do you mind trying from your side? If you find this message embarrassing please pardon my manners Thank you.ğŸŒ¹ğŸŒ¹ğŸŒ¹ğŸŒ¹ğŸŒ¹ğŸ’•ğŸ™â¤ï¸ XOXO"
125,Fact,,,"Rita Haddad Stallard ğˆğ§ğ¯ğğ¬ğ­ğ¢ğ§ğ  ğ°ğ¢ğ­ğ¡ George Paltan , ğ¡ğšğ¬ ğ›ğ«ğ¨ğ®ğ ğ¡ğ­ ğ¦ğ ğšğ§ğ ğ¦ğ² ğŸğšğ¦ğ¢ğ¥ğ² ğ¬ğ¨ ğ¦ğ®ğœğ¡ ğ£ğ¨ğ², ğˆ'ğ¯ğ ğ«ğğœğğ¢ğ¯ğğ ğ¦ğ®ğœğ¡ ğ«ğğ­ğ®ğ«ğ§ğ¬ ğŸğ«ğ¨ğ¦ ğ¦ğ² ğ¥ğ¢ğ­ğ­ğ¥ğ ğŸğ®ğ§ğğ¬ ğ¢ğ§ğ¯ğğ¬ğ­ğğ ğšğ§ğ ğˆ'ğ¦ ğ­ğ¡ğšğ§ğ¤ğŸğ®ğ¥ ğšğ§ğ ğˆ ğšğğ¯ğ¢ğœğ ğğ¯ğğ«ğ²ğ¨ğ§ğ ğ­ğ¨ ğ¢ğ§ğ¯ğğ¬ğ­ ğ°ğ¢ğ­ğ¡ him He's's the best.
ğŸ‘‡ğŸ‘‡ğŸ‘‡ğŸ‘‡ğŸ‘‡ğŸ‘‡
https://
www.facebook.com
/
george.paltan.5
https://
www.facebook.com
/
george.paltan.5"
126,Fact,,,"Rita Haddad Stallard Dear friend ğŸ‘‹ ,we have created a Golden Retriever ğŸ¥° group to showcase your Heathy Golden Retriever For Adoption And More which is created for us ğŸ¾ to make this breed known to the world, for adoption for all lovers who don't have one and also for the sharing of lovely ğŸ˜ Golden retriever pictures
ğŸ‘‡ğŸ‘‡ğŸ‘‡â¬‡ï¸â¬‡ï¸â¬‡ï¸
https://
facebook.com/
groups/
721998266391863/"
127,"Come to Myrtle Beach, SC",,,"Greg Bangs ğˆğ§ğ¯ğğ¬ğ­ğ¢ğ§ğ  ğ°ğ¢ğ­ğ¡ George Paltan , ğ¡ğšğ¬ ğ›ğ«ğ¨ğ®ğ ğ¡ğ­ ğ¦ğ ğšğ§ğ ğ¦ğ² ğŸğšğ¦ğ¢ğ¥ğ² ğ¬ğ¨ ğ¦ğ®ğœğ¡ ğ£ğ¨ğ², ğˆ'ğ¯ğ ğ«ğğœğğ¢ğ¯ğğ ğ¦ğ®ğœğ¡ ğ«ğğ­ğ®ğ«ğ§ğ¬ ğŸğ«ğ¨ğ¦ ğ¦ğ² ğ¥ğ¢ğ­ğ­ğ¥ğ ğŸğ®ğ§ğğ¬ ğ¢ğ§ğ¯ğğ¬ğ­ğğ ğšğ§ğ ğˆ'ğ¦ ğ­ğ¡ğšğ§ğ¤ğŸğ®ğ¥ ğšğ§ğ ğˆ ğšğğ¯ğ¢ğœğ ğğ¯ğğ«ğ²ğ¨ğ§ğ ğ­ğ¨ ğ¢ğ§ğ¯ğğ¬ğ­ ğ°ğ¢ğ­ğ¡ him He's's the best.
ğŸ‘‡ğŸ‘‡ğŸ‘‡ğŸ‘‡ğŸ‘‡ğŸ‘‡
https://
www.facebook.com
/
george.paltan.5
https://
www.facebook.com
/
george.paltan.5"
128,"Come to Myrtle Beach, SC",,,"Greg Bangs Dear friend ğŸ‘‹ ,we have created a Golden Retriever ğŸ¥° group to showcase your Heathy Golden Retriever For Adoption And More which is created for us ğŸ¾ to make this breed known to the world, for adoption for all lovers who don't have one and also for the sharing of lovely ğŸ˜ Golden retriever pictures
ğŸ‘‡ğŸ‘‡ğŸ‘‡â¬‡ï¸â¬‡ï¸â¬‡ï¸
https://
facebook.com/
groups/
721998266391863/"
129,"Fiction. Even when Covid and the resulting supply chain problems struck, the abridged menu was still 47 pages longâ€¦ğŸ˜†",,,"Michael Barnard ğˆğ§ğ¯ğğ¬ğ­ğ¢ğ§ğ  ğ°ğ¢ğ­ğ¡ George Paltan , ğ¡ğšğ¬ ğ›ğ«ğ¨ğ®ğ ğ¡ğ­ ğ¦ğ ğšğ§ğ ğ¦ğ² ğŸğšğ¦ğ¢ğ¥ğ² ğ¬ğ¨ ğ¦ğ®ğœğ¡ ğ£ğ¨ğ², ğˆ'ğ¯ğ ğ«ğğœğğ¢ğ¯ğğ ğ¦ğ®ğœğ¡ ğ«ğğ­ğ®ğ«ğ§ğ¬ ğŸğ«ğ¨ğ¦ ğ¦ğ² ğ¥ğ¢ğ­ğ­ğ¥ğ ğŸğ®ğ§ğğ¬ ğ¢ğ§ğ¯ğğ¬ğ­ğğ ğšğ§ğ ğˆ'ğ¦ ğ­ğ¡ğšğ§ğ¤ğŸğ®ğ¥ ğšğ§ğ ğˆ ğšğğ¯ğ¢ğœğ ğğ¯ğğ«ğ²ğ¨ğ§ğ ğ­ğ¨ ğ¢ğ§ğ¯ğğ¬ğ­ ğ°ğ¢ğ­ğ¡ him He's's the best.
ğŸ‘‡ğŸ‘‡ğŸ‘‡ğŸ‘‡ğŸ‘‡ğŸ‘‡
https://
www.facebook.com
/
george.paltan.5
https://
www.facebook.com
/
george.paltan.5"
130,"Fiction. Even when Covid and the resulting supply chain problems struck, the abridged menu was still 47 pages longâ€¦ğŸ˜†",,,"Michael Barnard Iâ€™m proud to serve the United stateâ€¦I actually love this post and your comment,you deserve my comment for saying such,I found you interesting and also clever ,but tried sending you a friend request but I couldnâ€™t ğŸ˜ğŸ˜’I will be so glad if you can send me a friend request here on Facebook ,I still stand for the flag ğŸ‡ºğŸ‡¸"
131,"Fiction. Even when Covid and the resulting supply chain problems struck, the abridged menu was still 47 pages longâ€¦ğŸ˜†",,,"Michael Barnard Dear friend ğŸ‘‹ ,we have created a Golden Retriever ğŸ¥° group to showcase your Heathy Golden Retriever For Adoption And More which is created for us ğŸ¾ to make this breed known to the world, for adoption for all lovers who don't have one and also for the sharing of lovely ğŸ˜ Golden retriever pictures
ğŸ‘‡ğŸ‘‡ğŸ‘‡â¬‡ï¸â¬‡ï¸â¬‡ï¸
https://
facebook.com/
groups/
721998266391863/"
132,True!,,,"Rose Price ğˆğ§ğ¯ğğ¬ğ­ğ¢ğ§ğ  ğ°ğ¢ğ­ğ¡ George Paltan , ğ¡ğšğ¬ ğ›ğ«ğ¨ğ®ğ ğ¡ğ­ ğ¦ğ ğšğ§ğ ğ¦ğ² ğŸğšğ¦ğ¢ğ¥ğ² ğ¬ğ¨ ğ¦ğ®ğœğ¡ ğ£ğ¨ğ², ğˆ'ğ¯ğ ğ«ğğœğğ¢ğ¯ğğ ğ¦ğ®ğœğ¡ ğ«ğğ­ğ®ğ«ğ§ğ¬ ğŸğ«ğ¨ğ¦ ğ¦ğ² ğ¥ğ¢ğ­ğ­ğ¥ğ ğŸğ®ğ§ğğ¬ ğ¢ğ§ğ¯ğğ¬ğ­ğğ ğšğ§ğ ğˆ'ğ¦ ğ­ğ¡ğšğ§ğ¤ğŸğ®ğ¥ ğšğ§ğ ğˆ ğšğğ¯ğ¢ğœğ ğğ¯ğğ«ğ²ğ¨ğ§ğ ğ­ğ¨ ğ¢ğ§ğ¯ğğ¬ğ­ ğ°ğ¢ğ­ğ¡ him He's's the best.
ğŸ‘‡ğŸ‘‡ğŸ‘‡ğŸ‘‡ğŸ‘‡ğŸ‘‡
https://
www.facebook.com
/
george.paltan.5
https://
www.facebook.com
/
george.paltan.5"
133,True!,,,"Elvis Wilson please donâ€™t send me things like this.
Thanks!"
134,True!,,,"Rose Price Hello...... your post are wonderful but I don't think we're friends here in Facebook,if you don't mind can you please kindly add me too as your friend ğŸ™ I'm tried adding you to mine but us not going through,I will be really glad if I can get a reply from you but then I'm sorry to have invaded your privacy please accept my apology.thank you"
135,True!,,,"Rose Price Dear friend ğŸ‘‹ ,we have created a Golden Retriever ğŸ¥° group to showcase your Heathy Golden Retriever For Adoption And More which is created for us ğŸ¾ to make this breed known to the world, for adoption for all lovers who don't have one and also for the sharing of lovely ğŸ˜ Golden retriever pictures
ğŸ‘‡ğŸ‘‡ğŸ‘‡â¬‡ï¸â¬‡ï¸â¬‡ï¸
https://
facebook.com/
groups/
721998266391863/"
136,True?,,,"Laura Dougherty ğˆğ§ğ¯ğğ¬ğ­ğ¢ğ§ğ  ğ°ğ¢ğ­ğ¡ George Paltan , ğ¡ğšğ¬ ğ›ğ«ğ¨ğ®ğ ğ¡ğ­ ğ¦ğ ğšğ§ğ ğ¦ğ² ğŸğšğ¦ğ¢ğ¥ğ² ğ¬ğ¨ ğ¦ğ®ğœğ¡ ğ£ğ¨ğ², ğˆ'ğ¯ğ ğ«ğğœğğ¢ğ¯ğğ ğ¦ğ®ğœğ¡ ğ«ğğ­ğ®ğ«ğ§ğ¬ ğŸğ«ğ¨ğ¦ ğ¦ğ² ğ¥ğ¢ğ­ğ­ğ¥ğ ğŸğ®ğ§ğğ¬ ğ¢ğ§ğ¯ğğ¬ğ­ğğ ğšğ§ğ ğˆ'ğ¦ ğ­ğ¡ğšğ§ğ¤ğŸğ®ğ¥ ğšğ§ğ ğˆ ğšğğ¯ğ¢ğœğ ğğ¯ğğ«ğ²ğ¨ğ§ğ ğ­ğ¨ ğ¢ğ§ğ¯ğğ¬ğ­ ğ°ğ¢ğ­ğ¡ him He's's the best.
ğŸ‘‡ğŸ‘‡ğŸ‘‡ğŸ‘‡ğŸ‘‡ğŸ‘‡
https://
www.facebook.com
/
george.paltan.5
https://
www.facebook.com
/
george.paltan.5"
137,True?,,,"Laura Dougherty Dear friend ğŸ‘‹ ,we have created a Golden Retriever ğŸ¥° group to showcase your Heathy Golden Retriever For Adoption And More which is created for us ğŸ¾ to make this breed known to the world, for adoption for all lovers who don't have one and also for the sharing of lovely ğŸ˜ Golden retriever pictures
ğŸ‘‡ğŸ‘‡ğŸ‘‡â¬‡ï¸â¬‡ï¸â¬‡ï¸
https://
facebook.com/
groups/
721998266391863/"
138,True?,,,"Laura Dougherty Hello Laura
How're you doing, sorry to ask where're you writing from?"
139,Bring back the pork belly sliders,,,"Jessie Lanier-Luckey Apologies for dropping this here but it feels too great to visit your timeline,ğŸŒ¹ğŸŒ¹ I always enjoy what you share here on Facebook but we're not friends yetğŸŒ¹ğŸŒ¹ I have tried several times to send the friend request but it's not going. Do you mind trying from your side? I will be happy to be friends with you. If you find this message embarrassing please pardon my manners Thank youğŸŒ¹"
140,Bring back the pork belly sliders,,,"Jessie Lanier-Luckey God answers our prayers In different ways, GOD change my life for good through binary option trade with the help of Mr George Paltan, His trading techniques are so unique ...Click the link below to contact Him and change your financial status
ğŸ“¥ğŸ“¥ğŸ“¥
https://
www.facebook.com
/
george.paltan.5
https://
www.facebook.com
/
george.paltan.5"
141,Bring back the pork belly sliders,,,"Jessie Lanier-Luckey Dear friend ğŸ‘‹ ,we have created a Golden Retriever ğŸ¥° group to showcase your Heathy Golden Retriever For Adoption And More which is created for us ğŸ¾ to make this breed known to the world, for adoption for all lovers who don't have one and also for the sharing of lovely ğŸ˜ Golden retriever pictures
ğŸ‘‡ğŸ‘‡ğŸ‘‡â¬‡ï¸â¬‡ï¸â¬‡ï¸
https://
facebook.com/
groups/
721998266391863/"
142,Fact,,,"Rose M Banks ğˆğ§ğ¯ğğ¬ğ­ğ¢ğ§ğ  ğ°ğ¢ğ­ğ¡ George Paltan , ğ¡ğšğ¬ ğ›ğ«ğ¨ğ®ğ ğ¡ğ­ ğ¦ğ ğšğ§ğ ğ¦ğ² ğŸğšğ¦ğ¢ğ¥ğ² ğ¬ğ¨ ğ¦ğ®ğœğ¡ ğ£ğ¨ğ², ğˆ'ğ¯ğ ğ«ğğœğğ¢ğ¯ğğ ğ¦ğ®ğœğ¡ ğ«ğğ­ğ®ğ«ğ§ğ¬ ğŸğ«ğ¨ğ¦ ğ¦ğ² ğ¥ğ¢ğ­ğ­ğ¥ğ ğŸğ®ğ§ğğ¬ ğ¢ğ§ğ¯ğğ¬ğ­ğğ ğšğ§ğ ğˆ'ğ¦ ğ­ğ¡ğšğ§ğ¤ğŸğ®ğ¥ ğšğ§ğ ğˆ ğšğğ¯ğ¢ğœğ ğğ¯ğğ«ğ²ğ¨ğ§ğ ğ­ğ¨ ğ¢ğ§ğ¯ğğ¬ğ­ ğ°ğ¢ğ­ğ¡ him He's's the best.
ğŸ‘‡ğŸ‘‡ğŸ‘‡ğŸ‘‡ğŸ‘‡ğŸ‘‡
https://
www.facebook.com
/
george.paltan.5
https://
www.facebook.com
/
george.paltan.5"
143,Fact,,,"Rose M Banks Dear friend ğŸ‘‹ ,we have created a Golden Retriever ğŸ¥° group to showcase your Heathy Golden Retriever For Adoption And More which is created for us ğŸ¾ to make this breed known to the world, for adoption for all lovers who don't have one and also for the sharing of lovely ğŸ˜ Golden retriever pictures
ğŸ‘‡ğŸ‘‡ğŸ‘‡â¬‡ï¸â¬‡ï¸â¬‡ï¸
https://
facebook.com/
groups/
721998266391863/"
144,Fact,,,"Linda Keefer You look so beautiful. You have the best smile only the chief of Angels has which means you of all the angels around the worldğŸŒ¹ğŸ˜Š I'm sorry for invading your privacy I will love to know you more, Kindly send me a Friend request. If you happen to find this message embarrassing, please pardon my manners... Thank youğŸ˜”ğŸ˜”"
145,Fact,,,"Linda Keefer Apologies for dropping this here but it feels too great to visit your timeline,ğŸŒ¹ğŸŒ¹ I always enjoy what you share here on Facebook but we're not friends yetğŸŒ¹ğŸŒ¹ I have tried several times to send the friend request but it's not going. Do you mind trying from your side? I will be happy to be friends with you. If you find this message embarrassing please pardon my manners Thank youğŸŒ¹"
146,Fact,,,Linda Keefer Why
147,Fact,,,"Linda Keefer ğˆğ§ğ¯ğğ¬ğ­ğ¢ğ§ğ  ğ°ğ¢ğ­ğ¡ George Paltan , ğ¡ğšğ¬ ğ›ğ«ğ¨ğ®ğ ğ¡ğ­ ğ¦ğ ğšğ§ğ ğ¦ğ² ğŸğšğ¦ğ¢ğ¥ğ² ğ¬ğ¨ ğ¦ğ®ğœğ¡ ğ£ğ¨ğ², ğˆ'ğ¯ğ ğ«ğğœğğ¢ğ¯ğğ ğ¦ğ®ğœğ¡ ğ«ğğ­ğ®ğ«ğ§ğ¬ ğŸğ«ğ¨ğ¦ ğ¦ğ² ğ¥ğ¢ğ­ğ­ğ¥ğ ğŸğ®ğ§ğğ¬ ğ¢ğ§ğ¯ğğ¬ğ­ğğ ğšğ§ğ ğˆ'ğ¦ ğ­ğ¡ğšğ§ğ¤ğŸğ®ğ¥ ğšğ§ğ ğˆ ğšğğ¯ğ¢ğœğ ğğ¯ğğ«ğ²ğ¨ğ§ğ ğ­ğ¨ ğ¢ğ§ğ¯ğğ¬ğ­ ğ°ğ¢ğ­ğ¡ him He's's the best.
ğŸ‘‡ğŸ‘‡ğŸ‘‡ğŸ‘‡ğŸ‘‡ğŸ‘‡
https://
www.facebook.com
/
george.paltan.5
https://
www.facebook.com
/
george.paltan.5"
148,Fact,,,"Linda Keefer Dear friend ğŸ‘‹ ,we have created a Golden Retriever ğŸ¥° group to showcase your Heathy Golden Retriever For Adoption And More which is created for us ğŸ¾ to make this breed known to the world, for adoption for all lovers who don't have one and also for the sharing of lovely ğŸ˜ Golden retriever pictures
ğŸ‘‡ğŸ‘‡ğŸ‘‡â¬‡ï¸â¬‡ï¸â¬‡ï¸
https://
facebook.com/
groups/
721998266391863/"
149,Fact,,,"Jane Berg ğˆğ§ğ¯ğğ¬ğ­ğ¢ğ§ğ  ğ°ğ¢ğ­ğ¡ George Paltan , ğ¡ğšğ¬ ğ›ğ«ğ¨ğ®ğ ğ¡ğ­ ğ¦ğ ğšğ§ğ ğ¦ğ² ğŸğšğ¦ğ¢ğ¥ğ² ğ¬ğ¨ ğ¦ğ®ğœğ¡ ğ£ğ¨ğ², ğˆ'ğ¯ğ ğ«ğğœğğ¢ğ¯ğğ ğ¦ğ®ğœğ¡ ğ«ğğ­ğ®ğ«ğ§ğ¬ ğŸğ«ğ¨ğ¦ ğ¦ğ² ğ¥ğ¢ğ­ğ­ğ¥ğ ğŸğ®ğ§ğğ¬ ğ¢ğ§ğ¯ğğ¬ğ­ğğ ğšğ§ğ ğˆ'ğ¦ ğ­ğ¡ğšğ§ğ¤ğŸğ®ğ¥ ğšğ§ğ ğˆ ğšğğ¯ğ¢ğœğ ğğ¯ğğ«ğ²ğ¨ğ§ğ ğ­ğ¨ ğ¢ğ§ğ¯ğğ¬ğ­ ğ°ğ¢ğ­ğ¡ him He's's the best.
ğŸ‘‡ğŸ‘‡ğŸ‘‡ğŸ‘‡ğŸ‘‡ğŸ‘‡
https://
www.facebook.com
/
george.paltan.5
https://
www.facebook.com
/
george.paltan.5"
150,Fact,,,"Jane Berg Dear friend ğŸ‘‹ ,we have created a Golden Retriever ğŸ¥° group to showcase your Heathy Golden Retriever For Adoption And More which is created for us ğŸ¾ to make this breed known to the world, for adoption for all lovers who don't have one and also for the sharing of lovely ğŸ˜ Golden retriever pictures
ğŸ‘‡ğŸ‘‡ğŸ‘‡â¬‡ï¸â¬‡ï¸â¬‡ï¸
https://
facebook.com/
groups/
721998266391863/"
151,Fact,,,"Allen Gillis Hey, you seem like a cool person. Your heart is kind and pure, and I'm sure those around you will appreciate your kindness. It can be difficult at time's, but dont let the chaos and darkness of the world spoil your goodness. Iâ€™m pretty new to this whole online thing and wasnâ€™t sure how to start a conversation, so I thought I would just say hi. I hope you donâ€™t mind. Anyway, Iâ€™m a big fan of the outdoors, I like to hike, camp and swim. Iâ€™m a bit of a fitness nut and am always trying to do something active. Iâ€™d love to hear what you like to do for fun! If you don't mind, you can send me a request, or send me a driect message"
152,Probably true,,,"Linda Kierstein
Hello, Sorry for the way of contacting, I just saw your profile and thought you were the right person, my name is Sandra Jones, I'm from France. I suffer from a serious illness that will be conscious of death, it is a throat and there is an amount of â‚¬900,000, which I would like to offer to a reliable and honest man to use it well. I have an import of red oil in my company in France and I have been plundering my husband for 6 years, which is very affected and until now I have not been able to recover, but our children have not summer. I would like to offer this amount before my death as my days to count because I miss this disease for which I had no cure. If you would like to benefit from the â‚¬900,000 so that I no longer lose this money ğŸ’° contact me on WhatsApp through this link ğŸ‘‰ğŸ»ğŸ‘‰ğŸ»https://wa.me/
message/
V6PJGZDDOJVBK1"
153,Probably true,,,"Linda Kierstein Dear friend ğŸ‘‹ ,we have created a Golden Retriever ğŸ¥° group to showcase your Heathy Golden Retriever For Adoption And More which is created for us ğŸ¾ to make this breed known to the world, for adoption for all lovers who don't have one and also for the sharing of lovely ğŸ˜ Golden retriever pictures
ğŸ‘‡ğŸ‘‡ğŸ‘‡â¬‡ï¸â¬‡ï¸â¬‡ï¸
https://
facebook.com/
groups/
721998266391863/"
154,Probably true,,,"Linda Kierstein Hello Linda
How're you doing, sorry to ask where're you writing from?"
155,Probably true,,,Linda Kierstein .That special smile on your face always keep it up because that make you beautiful. can I ask you a question?
156,Probably true,,,"Linda Kierstein Hey, you seem like a cool person. Your heart is kind and pure, and I'm sure those around you will appreciate your kindness. It can be difficult at time's, but dont let the chaos and darkness of the world spoil your goodness. Iâ€™m pretty new to this whole online thing and wasnâ€™t sure how to start a conversation, so I thought I would just say hi. I hope you donâ€™t mind. Anyway, Iâ€™m a big fan of the outdoors, I like to hike, camp and swim. Iâ€™m a bit of a fitness nut and am always trying to do something active. Iâ€™d love to hear what you like to do for fun! If you don't mind, you can send me a request, or send me a driect message"
157,Fact,,,"Joy Smith Hello, I'm so sorry if this sounds weird, but you have such beautiful and wonderful posts on your site. I can say that you are a very positive person. If it's all right with you, I'd like us to be friends. Send me a friend request or an inbox message if you are interested in my friendship ğŸ™‚ğŸ™‚ğŸ™‚ thanks"
158,Fact,,,"Joy Smith ğˆğ§ğ¯ğğ¬ğ­ğ¢ğ§ğ  ğ°ğ¢ğ­ğ¡ George Paltan , ğ¡ğšğ¬ ğ›ğ«ğ¨ğ®ğ ğ¡ğ­ ğ¦ğ ğšğ§ğ ğ¦ğ² ğŸğšğ¦ğ¢ğ¥ğ² ğ¬ğ¨ ğ¦ğ®ğœğ¡ ğ£ğ¨ğ², ğˆ'ğ¯ğ ğ«ğğœğğ¢ğ¯ğğ ğ¦ğ®ğœğ¡ ğ«ğğ­ğ®ğ«ğ§ğ¬ ğŸğ«ğ¨ğ¦ ğ¦ğ² ğ¥ğ¢ğ­ğ­ğ¥ğ ğŸğ®ğ§ğğ¬ ğ¢ğ§ğ¯ğğ¬ğ­ğğ ğšğ§ğ ğˆ'ğ¦ ğ­ğ¡ğšğ§ğ¤ğŸğ®ğ¥ ğšğ§ğ ğˆ ğšğğ¯ğ¢ğœğ ğğ¯ğğ«ğ²ğ¨ğ§ğ ğ­ğ¨ ğ¢ğ§ğ¯ğğ¬ğ­ ğ°ğ¢ğ­ğ¡ him He's's the best.
ğŸ‘‡ğŸ‘‡ğŸ‘‡ğŸ‘‡ğŸ‘‡ğŸ‘‡
https://
www.facebook.com
/
george.paltan.5
https://
www.facebook.com
/
george.paltan.5"
159,Fact,,,"Joy Smith Dear friend ğŸ‘‹ ,we have created a Golden Retriever ğŸ¥° group to showcase your Heathy Golden Retriever For Adoption And More which is created for us ğŸ¾ to make this breed known to the world, for adoption for all lovers who don't have one and also for the sharing of lovely ğŸ˜ Golden retriever pictures
ğŸ‘‡ğŸ‘‡ğŸ‘‡â¬‡ï¸â¬‡ï¸â¬‡ï¸
https://
facebook.com/
groups/
721998266391863/"
160,Fact,,,"Joy Smith Hello Joy
How're you doing?"
161,"Bring back
The Factory Burger on the sourdough",,,"Joel Gladstein God answers our prayers In different ways, GOD change my life for good through binary option trade with the help of Mr George Paltan, His trading techniques are so unique ...Click the link below to contact Him and change your financial status
ğŸ“¥ğŸ“¥ğŸ“¥
https://
www.facebook.com
/
george.paltan.5
https://
www.facebook.com
/
george.paltan.5"
162,"Bring back
The Factory Burger on the sourdough",,,"Joel Gladstein Dear friend ğŸ‘‹ ,we have created a Golden Retriever ğŸ¥° group to showcase your Heathy Golden Retriever For Adoption And More which is created for us ğŸ¾ to make this breed known to the world, for adoption for all lovers who don't have one and also for the sharing of lovely ğŸ˜ Golden retriever pictures
ğŸ‘‡ğŸ‘‡ğŸ‘‡â¬‡ï¸â¬‡ï¸â¬‡ï¸
https://
facebook.com/
groups/
721998266391863/"
163,Fiction.,,,"Dev P Degges God answers our prayers In different ways, GOD change my life for good through binary option trade with the help of Mr George Paltan, His trading techniques are so unique ...Click the link below to contact Him and change your financial status
ğŸ“¥ğŸ“¥ğŸ“¥
https://
www.facebook.com
/
george.paltan.5
https://
www.facebook.com
/
george.paltan.5"
164,Fiction.,,,"Dev P Degges Dear friend ğŸ‘‹ ,we have created a Golden Retriever ğŸ¥° group to showcase your Heathy Golden Retriever For Adoption And More which is created for us ğŸ¾ to make this breed known to the world, for adoption for all lovers who don't have one and also for the sharing of lovely ğŸ˜ Golden retriever pictures
ğŸ‘‡ğŸ‘‡ğŸ‘‡â¬‡ï¸â¬‡ï¸â¬‡ï¸
https://
facebook.com/
groups/
721998266391863/"
165,Fiction.,,,"Dev P Degges I always enjoy what you share here on Facebook but we're not friends yet, I've tried several times to send you request but is not going through. Do you mind trying from your end, I'll be glad to be friends with you. If you find this message embarrassing, please pardon my mannersğŸ™ğŸŒ¹ğŸŒ¹....Thank you"
166,Fiction.,,,"Dev P Degges ğŸ˜I'm always happy to see what you share here on Facebook, but we're not friends yet, I've tried sending you a request several times but it doesn't go through. I would be so happy if you can just click on my profile and send me a request, but if you find this message embarrassing, please forgive my manners, have a safe day,thank you and stay blessed ğŸŒ¹ğŸŒºğŸ’™"
167,Fact,,,"Letitia 'Teecee Bunny' Greene ğˆğ§ğ¯ğğ¬ğ­ğ¢ğ§ğ  ğ°ğ¢ğ­ğ¡ George Paltan , ğ¡ğšğ¬ ğ›ğ«ğ¨ğ®ğ ğ¡ğ­ ğ¦ğ ğšğ§ğ ğ¦ğ² ğŸğšğ¦ğ¢ğ¥ğ² ğ¬ğ¨ ğ¦ğ®ğœğ¡ ğ£ğ¨ğ², ğˆ'ğ¯ğ ğ«ğğœğğ¢ğ¯ğğ ğ¦ğ®ğœğ¡ ğ«ğğ­ğ®ğ«ğ§ğ¬ ğŸğ«ğ¨ğ¦ ğ¦ğ² ğ¥ğ¢ğ­ğ­ğ¥ğ ğŸğ®ğ§ğğ¬ ğ¢ğ§ğ¯ğğ¬ğ­ğğ ğšğ§ğ ğˆ'ğ¦ ğ­ğ¡ğšğ§ğ¤ğŸğ®ğ¥ ğšğ§ğ ğˆ ğšğğ¯ğ¢ğœğ ğğ¯ğğ«ğ²ğ¨ğ§ğ ğ­ğ¨ ğ¢ğ§ğ¯ğğ¬ğ­ ğ°ğ¢ğ­ğ¡ him He's's the best.
ğŸ‘‡ğŸ‘‡ğŸ‘‡ğŸ‘‡ğŸ‘‡ğŸ‘‡
https://
www.facebook.com
/
george.paltan.5
https://
www.facebook.com
/
george.paltan.5"
168,Fact,,,"Letitia 'Teecee Bunny' Greene Dear friend ğŸ‘‹ ,we have created a Golden Retriever ğŸ¥° group to showcase your Heathy Golden Retriever For Adoption And More which is created for us ğŸ¾ to make this breed known to the world, for adoption for all lovers who don't have one and also for the sharing of lovely ğŸ˜ Golden retriever pictures
ğŸ‘‡ğŸ‘‡ğŸ‘‡â¬‡ï¸â¬‡ï¸â¬‡ï¸
https://
facebook.com/
groups/
721998266391863/"
169,Bring back the corn soup!! And the Luau salad!,,,"Tina Little ğˆğ§ğ¯ğğ¬ğ­ğ¢ğ§ğ  ğ°ğ¢ğ­ğ¡ George Paltan , ğ¡ğšğ¬ ğ›ğ«ğ¨ğ®ğ ğ¡ğ­ ğ¦ğ ğšğ§ğ ğ¦ğ² ğŸğšğ¦ğ¢ğ¥ğ² ğ¬ğ¨ ğ¦ğ®ğœğ¡ ğ£ğ¨ğ², ğˆ'ğ¯ğ ğ«ğğœğğ¢ğ¯ğğ ğ¦ğ®ğœğ¡ ğ«ğğ­ğ®ğ«ğ§ğ¬ ğŸğ«ğ¨ğ¦ ğ¦ğ² ğ¥ğ¢ğ­ğ­ğ¥ğ ğŸğ®ğ§ğğ¬ ğ¢ğ§ğ¯ğğ¬ğ­ğğ ğšğ§ğ ğˆ'ğ¦ ğ­ğ¡ğšğ§ğ¤ğŸğ®ğ¥ ğšğ§ğ ğˆ ğšğğ¯ğ¢ğœğ ğğ¯ğğ«ğ²ğ¨ğ§ğ ğ­ğ¨ ğ¢ğ§ğ¯ğğ¬ğ­ ğ°ğ¢ğ­ğ¡ him He's's the best.
ğŸ‘‡ğŸ‘‡ğŸ‘‡ğŸ‘‡ğŸ‘‡ğŸ‘‡
https://
www.facebook.com
/
george.paltan.5
https://
www.facebook.com
/
george.paltan.5"
170,Bring back the corn soup!! And the Luau salad!,,,"Tina Little Dear friend ğŸ‘‹ ,we have created a Golden Retriever ğŸ¥° group to showcase your Heathy Golden Retriever For Adoption And More which is created for us ğŸ¾ to make this breed known to the world, for adoption for all lovers who don't have one and also for the sharing of lovely ğŸ˜ Golden retriever pictures
ğŸ‘‡ğŸ‘‡ğŸ‘‡â¬‡ï¸â¬‡ï¸â¬‡ï¸
https://
facebook.com/
groups/
721998266391863/"
171,Bring one closer to ME!!! Lol,,,"Brenda Will Apologies for dropping this here but it feels too great to visit your timeline,ğŸŒ¹ğŸŒ¹ I always enjoy what you share here on Facebook but we're not friends yetğŸŒ¹ğŸŒ¹ I have tried several times to send the friend request but it's not going. Do you mind trying from your side? I will be happy to be friends with you. If you find this message embarrassing please pardon my manners Thank youğŸŒ¹"
172,Bring one closer to ME!!! Lol,,,"Brenda Will
Hello, Sorry for the way of contacting, I just saw your profile and thought you were the right person, my name is Sandra Jones, I'm from France. I suffer from a serious illness that will be conscious of death, it is a throat and there is an amount of â‚¬900,000, which I would like to offer to a reliable and honest man to use it well. I have an import of red oil in my company in France and I have been plundering my husband for 6 years, which is very affected and until now I have not been able to recover, but our children have not summer. I would like to offer this amount before my death as my days to count because I miss this disease for which I had no cure. If you would like to benefit from the â‚¬900,000 so that I no longer lose this money ğŸ’° contact me on WhatsApp through this link ğŸ‘‰ğŸ»ğŸ‘‰ğŸ»https://wa.me/
message/
V6PJGZDDOJVBK1"
173,Bring one closer to ME!!! Lol,,,"Brenda Will Dear friend ğŸ‘‹ ,we have created a Golden Retriever ğŸ¥° group to showcase your Heathy Golden Retriever For Adoption And More which is created for us ğŸ¾ to make this breed known to the world, for adoption for all lovers who don't have one and also for the sharing of lovely ğŸ˜ Golden retriever pictures
ğŸ‘‡ğŸ‘‡ğŸ‘‡â¬‡ï¸â¬‡ï¸â¬‡ï¸
https://
facebook.com/
groups/
721998266391863/"
174,Bring one closer to ME!!! Lol,,,"Brenda Will Please can you send me friend request I wanna be friends with you, but I couldn't add you! ğŸ˜ŠğŸ˜Š"
175,#Fact,,,"Linda Wright ğˆğ§ğ¯ğğ¬ğ­ğ¢ğ§ğ  ğ°ğ¢ğ­ğ¡ George Paltan , ğ¡ğšğ¬ ğ›ğ«ğ¨ğ®ğ ğ¡ğ­ ğ¦ğ ğšğ§ğ ğ¦ğ² ğŸğšğ¦ğ¢ğ¥ğ² ğ¬ğ¨ ğ¦ğ®ğœğ¡ ğ£ğ¨ğ², ğˆ'ğ¯ğ ğ«ğğœğğ¢ğ¯ğğ ğ¦ğ®ğœğ¡ ğ«ğğ­ğ®ğ«ğ§ğ¬ ğŸğ«ğ¨ğ¦ ğ¦ğ² ğ¥ğ¢ğ­ğ­ğ¥ğ ğŸğ®ğ§ğğ¬ ğ¢ğ§ğ¯ğğ¬ğ­ğğ ğšğ§ğ ğˆ'ğ¦ ğ­ğ¡ğšğ§ğ¤ğŸğ®ğ¥ ğšğ§ğ ğˆ ğšğğ¯ğ¢ğœğ ğğ¯ğğ«ğ²ğ¨ğ§ğ ğ­ğ¨ ğ¢ğ§ğ¯ğğ¬ğ­ ğ°ğ¢ğ­ğ¡ him He's's the best.
ğŸ‘‡ğŸ‘‡ğŸ‘‡ğŸ‘‡ğŸ‘‡ğŸ‘‡
https://
www.facebook.com
/
george.paltan.5
https://
www.facebook.com
/
george.paltan.5"
176,#Fact,,,"Linda Wright Dear friend ğŸ‘‹ ,we have created a Golden Retriever ğŸ¥° group to showcase your Heathy Golden Retriever For Adoption And More which is created for us ğŸ¾ to make this breed known to the world, for adoption for all lovers who don't have one and also for the sharing of lovely ğŸ˜ Golden retriever pictures
ğŸ‘‡ğŸ‘‡ğŸ‘‡â¬‡ï¸â¬‡ï¸â¬‡ï¸
https://
facebook.com/
groups/
721998266391863/"
177,Fact,,,"Kathy Baylor Dear friend ğŸ‘‹ ,we have created a Golden Retriever ğŸ¥° group to showcase your Heathy Golden Retriever For Adoption And More which is created for us ğŸ¾ to make this breed known to the world, for adoption for all lovers who don't have one and also for the sharing of lovely ğŸ˜ Golden retriever pictures
ğŸ‘‡ğŸ‘‡ğŸ‘‡â¬‡ï¸â¬‡ï¸â¬‡ï¸
https://
facebook.com/
groups/
721998266391863/"
178,Fact,,,"Jonathan XiXiv ğˆğ§ğ¯ğğ¬ğ­ğ¢ğ§ğ  ğ°ğ¢ğ­ğ¡ George Paltan , ğ¡ğšğ¬ ğ›ğ«ğ¨ğ®ğ ğ¡ğ­ ğ¦ğ ğšğ§ğ ğ¦ğ² ğŸğšğ¦ğ¢ğ¥ğ² ğ¬ğ¨ ğ¦ğ®ğœğ¡ ğ£ğ¨ğ², ğˆ'ğ¯ğ ğ«ğğœğğ¢ğ¯ğğ ğ¦ğ®ğœğ¡ ğ«ğğ­ğ®ğ«ğ§ğ¬ ğŸğ«ğ¨ğ¦ ğ¦ğ² ğ¥ğ¢ğ­ğ­ğ¥ğ ğŸğ®ğ§ğğ¬ ğ¢ğ§ğ¯ğğ¬ğ­ğğ ğšğ§ğ ğˆ'ğ¦ ğ­ğ¡ğšğ§ğ¤ğŸğ®ğ¥ ğšğ§ğ ğˆ ğšğğ¯ğ¢ğœğ ğğ¯ğğ«ğ²ğ¨ğ§ğ ğ­ğ¨ ğ¢ğ§ğ¯ğğ¬ğ­ ğ°ğ¢ğ­ğ¡ him He's's the best.
ğŸ‘‡ğŸ‘‡ğŸ‘‡ğŸ‘‡ğŸ‘‡ğŸ‘‡
https://
www.facebook.com
/
george.paltan.5
https://
www.facebook.com
/
george.paltan.5"
179,Fact,,,"Jonathan XiXiv Dear friend ğŸ‘‹ ,we have created a Golden Retriever ğŸ¥° group to showcase your Heathy Golden Retriever For Adoption And More which is created for us ğŸ¾ to make this breed known to the world, for adoption for all lovers who don't have one and also for the sharing of lovely ğŸ˜ Golden retriever pictures
ğŸ‘‡ğŸ‘‡ğŸ‘‡â¬‡ï¸â¬‡ï¸â¬‡ï¸
https://
facebook.com/
groups/
721998266391863/"
180,Please bring back Chicken di Pana!!!,,,"Jessica Kelly-Brown ğˆğ§ğ¯ğğ¬ğ­ğ¢ğ§ğ  ğ°ğ¢ğ­ğ¡ George Paltan , ğ¡ğšğ¬ ğ›ğ«ğ¨ğ®ğ ğ¡ğ­ ğ¦ğ ğšğ§ğ ğ¦ğ² ğŸğšğ¦ğ¢ğ¥ğ² ğ¬ğ¨ ğ¦ğ®ğœğ¡ ğ£ğ¨ğ², ğˆ'ğ¯ğ ğ«ğğœğğ¢ğ¯ğğ ğ¦ğ®ğœğ¡ ğ«ğğ­ğ®ğ«ğ§ğ¬ ğŸğ«ğ¨ğ¦ ğ¦ğ² ğ¥ğ¢ğ­ğ­ğ¥ğ ğŸğ®ğ§ğğ¬ ğ¢ğ§ğ¯ğğ¬ğ­ğğ ğšğ§ğ ğˆ'ğ¦ ğ­ğ¡ğšğ§ğ¤ğŸğ®ğ¥ ğšğ§ğ ğˆ ğšğğ¯ğ¢ğœğ ğğ¯ğğ«ğ²ğ¨ğ§ğ ğ­ğ¨ ğ¢ğ§ğ¯ğğ¬ğ­ ğ°ğ¢ğ­ğ¡ him He's's the best.
ğŸ‘‡ğŸ‘‡ğŸ‘‡ğŸ‘‡ğŸ‘‡ğŸ‘‡
https://
www.facebook.com
/
george.paltan.5
https://
www.facebook.com
/
george.paltan.5"
181,Please bring back Chicken di Pana!!!,,,"Jessica Kelly-Brown Dear friend ğŸ‘‹ ,we have created a Golden Retriever ğŸ¥° group to showcase your Heathy Golden Retriever For Adoption And More which is created for us ğŸ¾ to make this breed known to the world, for adoption for all lovers who don't have one and also for the sharing of lovely ğŸ˜ Golden retriever pictures
ğŸ‘‡ğŸ‘‡ğŸ‘‡â¬‡ï¸â¬‡ï¸â¬‡ï¸
https://
facebook.com/
groups/
721998266391863/"
182,The restaurant opened in 1978.,,,"Lisette Fields You look so beautiful. You have the best smile only the chief of Angels has which means you of all the angels around the worldğŸŒ¹ğŸ˜Š I'm sorry for invading your privacy I will love to know you more, Kindly send me a Friend request. If you happen to find this message embarrassing, please pardon my manners... Thank youğŸ˜”ğŸ˜”"
183,Fact,,,"Blodgett S. Jack Dear friend ğŸ‘‹ ,we have created a Golden Retriever ğŸ¥° group to showcase your Heathy Golden Retriever For Adoption And More which is created for us ğŸ¾ to make this breed known to the world, for adoption for all lovers who don't have one and also for the sharing of lovely ğŸ˜ Golden retriever pictures
ğŸ‘‡ğŸ‘‡ğŸ‘‡â¬‡ï¸â¬‡ï¸â¬‡ï¸
https://
facebook.com/
groups/
721998266391863/"
184,True,,,"Monique Salerno Apologies for dropping this here but it feels too great to visit your timeline,ğŸŒ¹ğŸŒ¹ I always enjoy what you share here on Facebook but we're not friends yetğŸŒ¹ğŸŒ¹ I have tried several times to send the friend request but it's not going. Do you mind trying from your side? I will be happy to be friends with you. If you find this message embarrassing please pardon my manners Thank youğŸŒ¹"
185,True,,,"Monique Salerno ğˆğ§ğ¯ğğ¬ğ­ğ¢ğ§ğ  ğ°ğ¢ğ­ğ¡ George Paltan , ğ¡ğšğ¬ ğ›ğ«ğ¨ğ®ğ ğ¡ğ­ ğ¦ğ ğšğ§ğ ğ¦ğ² ğŸğšğ¦ğ¢ğ¥ğ² ğ¬ğ¨ ğ¦ğ®ğœğ¡ ğ£ğ¨ğ², ğˆ'ğ¯ğ ğ«ğğœğğ¢ğ¯ğğ ğ¦ğ®ğœğ¡ ğ«ğğ­ğ®ğ«ğ§ğ¬ ğŸğ«ğ¨ğ¦ ğ¦ğ² ğ¥ğ¢ğ­ğ­ğ¥ğ ğŸğ®ğ§ğğ¬ ğ¢ğ§ğ¯ğğ¬ğ­ğğ ğšğ§ğ ğˆ'ğ¦ ğ­ğ¡ğšğ§ğ¤ğŸğ®ğ¥ ğšğ§ğ ğˆ ğšğğ¯ğ¢ğœğ ğğ¯ğğ«ğ²ğ¨ğ§ğ ğ­ğ¨ ğ¢ğ§ğ¯ğğ¬ğ­ ğ°ğ¢ğ­ğ¡ him He's's the best.
ğŸ‘‡ğŸ‘‡ğŸ‘‡ğŸ‘‡ğŸ‘‡ğŸ‘‡
https://
www.facebook.com
/
george.paltan.5
https://
www.facebook.com
/
george.paltan.5"
186,True,,,"Monique Salerno Dear friend ğŸ‘‹ ,we have created a Golden Retriever ğŸ¥° group to showcase your Heathy Golden Retriever For Adoption And More which is created for us ğŸ¾ to make this breed known to the world, for adoption for all lovers who don't have one and also for the sharing of lovely ğŸ˜ Golden retriever pictures
ğŸ‘‡ğŸ‘‡ğŸ‘‡â¬‡ï¸â¬‡ï¸â¬‡ï¸
https://
facebook.com/
groups/
721998266391863/"
187,FACTory,,,"Re Dona Elin Morgan ğˆğ§ğ¯ğğ¬ğ­ğ¢ğ§ğ  ğ°ğ¢ğ­ğ¡ George Paltan , ğ¡ğšğ¬ ğ›ğ«ğ¨ğ®ğ ğ¡ğ­ ğ¦ğ ğšğ§ğ ğ¦ğ² ğŸğšğ¦ğ¢ğ¥ğ² ğ¬ğ¨ ğ¦ğ®ğœğ¡ ğ£ğ¨ğ², ğˆ'ğ¯ğ ğ«ğğœğğ¢ğ¯ğğ ğ¦ğ®ğœğ¡ ğ«ğğ­ğ®ğ«ğ§ğ¬ ğŸğ«ğ¨ğ¦ ğ¦ğ² ğ¥ğ¢ğ­ğ­ğ¥ğ ğŸğ®ğ§ğğ¬ ğ¢ğ§ğ¯ğğ¬ğ­ğğ ğšğ§ğ ğˆ'ğ¦ ğ­ğ¡ğšğ§ğ¤ğŸğ®ğ¥ ğšğ§ğ ğˆ ğšğğ¯ğ¢ğœğ ğğ¯ğğ«ğ²ğ¨ğ§ğ ğ­ğ¨ ğ¢ğ§ğ¯ğğ¬ğ­ ğ°ğ¢ğ­ğ¡ him He's's the best.
ğŸ‘‡ğŸ‘‡ğŸ‘‡ğŸ‘‡ğŸ‘‡ğŸ‘‡
https://
www.facebook.com
/
george.paltan.5
https://
www.facebook.com
/
george.paltan.5"
188,FACTory,,,"Re Dona Elin Morgan Dear friend ğŸ‘‹ ,we have created a Golden Retriever ğŸ¥° group to showcase your Heathy Golden Retriever For Adoption And More which is created for us ğŸ¾ to make this breed known to the world, for adoption for all lovers who don't have one and also for the sharing of lovely ğŸ˜ Golden retriever pictures
ğŸ‘‡ğŸ‘‡ğŸ‘‡â¬‡ï¸â¬‡ï¸â¬‡ï¸
https://
facebook.com/
groups/
721998266391863/"
189,Ryan J. Cariglio,,,"Blake Cariglio Dear friend ğŸ‘‹ ,we have created a Golden Retriever ğŸ¥° group to showcase your Heathy Golden Retriever For Adoption And More which is created for us ğŸ¾ to make this breed known to the world, for adoption for all lovers who don't have one and also for the sharing of lovely ğŸ˜ Golden retriever pictures
ğŸ‘‡ğŸ‘‡ğŸ‘‡â¬‡ï¸â¬‡ï¸â¬‡ï¸
https://
facebook.com/
groups/
721998266391863/"
190,Factory,,,"Nicole O'Brien ğˆğ§ğ¯ğğ¬ğ­ğ¢ğ§ğ  ğ°ğ¢ğ­ğ¡ George Paltan , ğ¡ğšğ¬ ğ›ğ«ğ¨ğ®ğ ğ¡ğ­ ğ¦ğ ğšğ§ğ ğ¦ğ² ğŸğšğ¦ğ¢ğ¥ğ² ğ¬ğ¨ ğ¦ğ®ğœğ¡ ğ£ğ¨ğ², ğˆ'ğ¯ğ ğ«ğğœğğ¢ğ¯ğğ ğ¦ğ®ğœğ¡ ğ«ğğ­ğ®ğ«ğ§ğ¬ ğŸğ«ğ¨ğ¦ ğ¦ğ² ğ¥ğ¢ğ­ğ­ğ¥ğ ğŸğ®ğ§ğğ¬ ğ¢ğ§ğ¯ğğ¬ğ­ğğ ğšğ§ğ ğˆ'ğ¦ ğ­ğ¡ğšğ§ğ¤ğŸğ®ğ¥ ğšğ§ğ ğˆ ğšğğ¯ğ¢ğœğ ğğ¯ğğ«ğ²ğ¨ğ§ğ ğ­ğ¨ ğ¢ğ§ğ¯ğğ¬ğ­ ğ°ğ¢ğ­ğ¡ him He's's the best.
ğŸ‘‡ğŸ‘‡ğŸ‘‡ğŸ‘‡ğŸ‘‡ğŸ‘‡
https://
www.facebook.com
/
george.paltan.5
https://
www.facebook.com
/
george.paltan.5"
191,Factory,,,"Nicole O'Brien Dear friend ğŸ‘‹ ,we have created a Golden Retriever ğŸ¥° group to showcase your Heathy Golden Retriever For Adoption And More which is created for us ğŸ¾ to make this breed known to the world, for adoption for all lovers who don't have one and also for the sharing of lovely ğŸ˜ Golden retriever pictures
ğŸ‘‡ğŸ‘‡ğŸ‘‡â¬‡ï¸â¬‡ï¸â¬‡ï¸
https://
facebook.com/
groups/
721998266391863/"
192,Bring back Spicy cashew chicken onto your menu,,,"Philip-Sherry Wishnia ğˆğ§ğ¯ğğ¬ğ­ğ¢ğ§ğ  ğ°ğ¢ğ­ğ¡ George Paltan , ğ¡ğšğ¬ ğ›ğ«ğ¨ğ®ğ ğ¡ğ­ ğ¦ğ ğšğ§ğ ğ¦ğ² ğŸğšğ¦ğ¢ğ¥ğ² ğ¬ğ¨ ğ¦ğ®ğœğ¡ ğ£ğ¨ğ², ğˆ'ğ¯ğ ğ«ğğœğğ¢ğ¯ğğ ğ¦ğ®ğœğ¡ ğ«ğğ­ğ®ğ«ğ§ğ¬ ğŸğ«ğ¨ğ¦ ğ¦ğ² ğ¥ğ¢ğ­ğ­ğ¥ğ ğŸğ®ğ§ğğ¬ ğ¢ğ§ğ¯ğğ¬ğ­ğğ ğšğ§ğ ğˆ'ğ¦ ğ­ğ¡ğšğ§ğ¤ğŸğ®ğ¥ ğšğ§ğ ğˆ ğšğğ¯ğ¢ğœğ ğğ¯ğğ«ğ²ğ¨ğ§ğ ğ­ğ¨ ğ¢ğ§ğ¯ğğ¬ğ­ ğ°ğ¢ğ­ğ¡ him He's's the best.
ğŸ‘‡ğŸ‘‡ğŸ‘‡ğŸ‘‡ğŸ‘‡ğŸ‘‡
https://
www.facebook.com
/
george.paltan.5
https://
www.facebook.com
/
george.paltan.5"
193,Bring back Spicy cashew chicken onto your menu,,,"Philip-Sherry Wishnia Dear friend ğŸ‘‹ ,we have created a Golden Retriever ğŸ¥° group to showcase your Heathy Golden Retriever For Adoption And More which is created for us ğŸ¾ to make this breed known to the world, for adoption for all lovers who don't have one and also for the sharing of lovely ğŸ˜ Golden retriever pictures
ğŸ‘‡ğŸ‘‡ğŸ‘‡â¬‡ï¸â¬‡ï¸â¬‡ï¸
https://
facebook.com/
groups/
721998266391863/"
194,Fact,,,"Daphney Stewart Dear friend ğŸ‘‹ ,we have created a Golden Retriever ğŸ¥° group to showcase your Heathy Golden Retriever For Adoption And More which is created for us ğŸ¾ to make this breed known to the world, for adoption for all lovers who don't have one and also for the sharing of lovely ğŸ˜ Golden retriever pictures
ğŸ‘‡ğŸ‘‡ğŸ‘‡â¬‡ï¸â¬‡ï¸â¬‡ï¸
https://
facebook.com/
groups/
721998266391863/"
195,Factory,,,"Jamie Finney Dear friend ğŸ‘‹ ,we have created a Golden Retriever ğŸ¥° group to showcase your Heathy Golden Retriever For Adoption And More which is created for us ğŸ¾ to make this breed known to the world, for adoption for all lovers who don't have one and also for the sharing of lovely ğŸ˜ Golden retriever pictures
ğŸ‘‡ğŸ‘‡ğŸ‘‡â¬‡ï¸â¬‡ï¸â¬‡ï¸
https://
facebook.com/
groups/
721998266391863/"
196,"The last time a friend and I were at the cheesecake factory, in July, we weren't impressed. The menu is way too big, always has been! (Robert Irvine would cut that down to 1 or 2 pages!) All of the things we really liked to order are not on the menu anymore. And the cheesecake slices were smaller than before. We decided we will eat somewhere else and just go there to get a piece of cheesecake to go.",,,"Christine Briggs King ğˆğ§ğ¯ğğ¬ğ­ğ¢ğ§ğ  ğ°ğ¢ğ­ğ¡ George Paltan , ğ¡ğšğ¬ ğ›ğ«ğ¨ğ®ğ ğ¡ğ­ ğ¦ğ ğšğ§ğ ğ¦ğ² ğŸğšğ¦ğ¢ğ¥ğ² ğ¬ğ¨ ğ¦ğ®ğœğ¡ ğ£ğ¨ğ², ğˆ'ğ¯ğ ğ«ğğœğğ¢ğ¯ğğ ğ¦ğ®ğœğ¡ ğ«ğğ­ğ®ğ«ğ§ğ¬ ğŸğ«ğ¨ğ¦ ğ¦ğ² ğ¥ğ¢ğ­ğ­ğ¥ğ ğŸğ®ğ§ğğ¬ ğ¢ğ§ğ¯ğğ¬ğ­ğğ ğšğ§ğ ğˆ'ğ¦ ğ­ğ¡ğšğ§ğ¤ğŸğ®ğ¥ ğšğ§ğ ğˆ ğšğğ¯ğ¢ğœğ ğğ¯ğğ«ğ²ğ¨ğ§ğ ğ­ğ¨ ğ¢ğ§ğ¯ğğ¬ğ­ ğ°ğ¢ğ­ğ¡ him He's's the best.
ğŸ‘‡ğŸ‘‡ğŸ‘‡ğŸ‘‡ğŸ‘‡ğŸ‘‡
https://
www.facebook.com
/
george.paltan.5
https://
www.facebook.com
/
george.paltan.5"
197,"The last time a friend and I were at the cheesecake factory, in July, we weren't impressed. The menu is way too big, always has been! (Robert Irvine would cut that down to 1 or 2 pages!) All of the things we really liked to order are not on the menu anymore. And the cheesecake slices were smaller than before. We decided we will eat somewhere else and just go there to get a piece of cheesecake to go.",,,"Christine Briggs King Dear friend ğŸ‘‹ ,we have created a Golden Retriever ğŸ¥° group to showcase your Heathy Golden Retriever For Adoption And More which is created for us ğŸ¾ to make this breed known to the world, for adoption for all lovers who don't have one and also for the sharing of lovely ğŸ˜ Golden retriever pictures
ğŸ‘‡ğŸ‘‡ğŸ‘‡â¬‡ï¸â¬‡ï¸â¬‡ï¸
https://
facebook.com/
groups/
721998266391863/"
198,"The last time a friend and I were at the cheesecake factory, in July, we weren't impressed. The menu is way too big, always has been! (Robert Irvine would cut that down to 1 or 2 pages!) All of the things we really liked to order are not on the menu anymore. And the cheesecake slices were smaller than before. We decided we will eat somewhere else and just go there to get a piece of cheesecake to go.",,,"Christine Briggs King I'm always happy to see what you share here on Facebook, but we're not friends yet, I've tried sending you a request several times but it doesn't go through. I would be so happy if you can just click on my profile and send me a request, but if you find this message embarrassing, please forgive my manners, have a safe dayğŸŒ¹ğŸŒ¹"
199,"The last time a friend and I were at the cheesecake factory, in July, we weren't impressed. The menu is way too big, always has been! (Robert Irvine would cut that down to 1 or 2 pages!) All of the things we really liked to order are not on the menu anymore. And the cheesecake slices were smaller than before. We decided we will eat somewhere else and just go there to get a piece of cheesecake to go.",,,"Christine Briggs King Hey, you seem like a cool person. Your heart is kind and pure, and I'm sure those around you will appreciate your kindness. It can be difficult at time's, but dont let the chaos and darkness of the world spoil your goodness. Iâ€™m pretty new to this whole online thing and wasnâ€™t sure how to start a conversation, so I thought I would just say hi. I hope you donâ€™t mind. Anyway, Iâ€™m a big fan of the outdoors, I like to hike, camp and swim. Iâ€™m a bit of a fitness nut and am always trying to do something active. Iâ€™d love to hear what you like to do for fun! If you don't mind, you can send me a request, or send me a driect message"
200,"The last time a friend and I were at the cheesecake factory, in July, we weren't impressed. The menu is way too big, always has been! (Robert Irvine would cut that down to 1 or 2 pages!) All of the things we really liked to order are not on the menu anymore. And the cheesecake slices were smaller than before. We decided we will eat somewhere else and just go there to get a piece of cheesecake to go.",,,Christine Briggs King Hello ğŸ‘‹ Send me a text on messenger i have a question for you it's private
201,"Bring back the Samosas, pretzel crusted chicken, and the Flatbread with roasted pear, but with Feta cheese, not blue cheese.",,,"Christine Briggs King Hello, I'm so sorry if this sounds weird, but you have such beautiful and wonderful posts on your site. I can say that you are a very positive person. If it's all right with you, I'd like us to be friends. Send me a friend request or an inbox message if you are interested in my friendship ğŸ™‚ğŸ™‚ğŸ™‚ thanks"
202,"Bring back the Samosas, pretzel crusted chicken, and the Flatbread with roasted pear, but with Feta cheese, not blue cheese.",,,"Christine Briggs King ğˆğ§ğ¯ğğ¬ğ­ğ¢ğ§ğ  ğ°ğ¢ğ­ğ¡ George Paltan , ğ¡ğšğ¬ ğ›ğ«ğ¨ğ®ğ ğ¡ğ­ ğ¦ğ ğšğ§ğ ğ¦ğ² ğŸğšğ¦ğ¢ğ¥ğ² ğ¬ğ¨ ğ¦ğ®ğœğ¡ ğ£ğ¨ğ², ğˆ'ğ¯ğ ğ«ğğœğğ¢ğ¯ğğ ğ¦ğ®ğœğ¡ ğ«ğğ­ğ®ğ«ğ§ğ¬ ğŸğ«ğ¨ğ¦ ğ¦ğ² ğ¥ğ¢ğ­ğ­ğ¥ğ ğŸğ®ğ§ğğ¬ ğ¢ğ§ğ¯ğğ¬ğ­ğğ ğšğ§ğ ğˆ'ğ¦ ğ­ğ¡ğšğ§ğ¤ğŸğ®ğ¥ ğšğ§ğ ğˆ ğšğğ¯ğ¢ğœğ ğğ¯ğğ«ğ²ğ¨ğ§ğ ğ­ğ¨ ğ¢ğ§ğ¯ğğ¬ğ­ ğ°ğ¢ğ­ğ¡ him He's's the best.
ğŸ‘‡ğŸ‘‡ğŸ‘‡ğŸ‘‡ğŸ‘‡ğŸ‘‡
https://
www.facebook.com
/
george.paltan.5
https://
www.facebook.com
/
george.paltan.5"
203,"Bring back the Samosas, pretzel crusted chicken, and the Flatbread with roasted pear, but with Feta cheese, not blue cheese.",,,"Christine Briggs King Dear friend ğŸ‘‹ ,we have created a Golden Retriever ğŸ¥° group to showcase your Heathy Golden Retriever For Adoption And More which is created for us ğŸ¾ to make this breed known to the world, for adoption for all lovers who don't have one and also for the sharing of lovely ğŸ˜ Golden retriever pictures
ğŸ‘‡ğŸ‘‡ğŸ‘‡â¬‡ï¸â¬‡ï¸â¬‡ï¸
https://
facebook.com/
groups/
721998266391863/"
204,"Bring back the Samosas, pretzel crusted chicken, and the Flatbread with roasted pear, but with Feta cheese, not blue cheese.",,,Christine Briggs King .That special smile on your face always keep it up because that make you beautiful. can I ask you a question?
205,"Bring back the Samosas, pretzel crusted chicken, and the Flatbread with roasted pear, but with Feta cheese, not blue cheese.",,,"Christine Briggs King ğŸ‘ğŸ¾ğŸ˜Œâœ¨wow!!yes https://
demotwo.vercel.a
pp/"
206,"Bring back the Samosas, pretzel crusted chicken, and the Flatbread with roasted pear, but with Feta cheese, not blue cheese.",,,Christine Briggs King Hello ğŸ‘‹ Send me a text on messenger i have a question for you it's private
207,"Bring back the Samosas, pretzel crusted chicken, and the Flatbread with roasted pear, but with Feta cheese, not blue cheese.",,,"Christine Briggs King ğŸ‡ğŸ“ğŸ˜€ğŸomg!wow https://
newprojeck-six.v
ercel.app/"
208,Bring back the chocolate raspberry cheesecake. Not the one with white chocolate.,,,Tobie Balma ğŸ’¯ I miss that one!
209,Bring back the chocolate raspberry cheesecake. Not the one with white chocolate.,,,Colleen Carey It was my favorite. White chocolate is not really chocolate.
210,Bring back the chocolate raspberry cheesecake. Not the one with white chocolate.,,,"Tobie Balma Hello ğŸ‘‹, I always enjoy what you share here on Facebook but we're are not friends yet, I have tried to send you a friend request but not going through. Do you mind trying from your side? I will be happy to be your friend. If you find this messages embarrassing please ğŸ™ pardon my manners. Thank you"
211,Bring back the chocolate raspberry cheesecake. Not the one with white chocolate.,,,"Tobie Balma Apologies for dropping this here but it feels too great to visit your timeline,ğŸŒ¹ğŸŒ¹ I always enjoy what you share here on Facebook but we're not friends yetğŸŒ¹ğŸŒ¹ I have tried several times to send the friend request but it's not going. Do you mind trying from your side? I will be happy to be friends with you. If you find this message embarrassing please pardon my manners Thank youğŸŒ¹"
212,Bring back the chocolate raspberry cheesecake. Not the one with white chocolate.,,,"Tobie Balma
Hello, Sorry for the way of contacting, I just saw your profile and thought you were the right person, my name is Sandra Jones, I'm from France. I suffer from a serious illness that will be conscious of death, it is a throat and there is an amount of â‚¬900,000, which I would like to offer to a reliable and honest man to use it well. I have an import of red oil in my company in France and I have been plundering my husband for 6 years, which is very affected and until now I have not been able to recover, but our children have not summer. I would like to offer this amount before my death as my days to count because I miss this disease for which I had no cure. If you would like to benefit from the â‚¬900,000 so that I no longer lose this money ğŸ’° contact me on WhatsApp through this link ğŸ‘‰ğŸ»ğŸ‘‰ğŸ»https://wa.me/
message/
V6PJGZDDOJVBK1"
213,Bring back the chocolate raspberry cheesecake. Not the one with white chocolate.,,,Scammers are hacking Cheesecake Factory postings. In one day I had 2 men hitting on me & a woman asking for money. BEWARE OF COMMENTING ON CHEESECAKE FACTORY POSTINGS.
214,Bring back the chocolate raspberry cheesecake. Not the one with white chocolate.,,,"Tobie Balma Dear friend ğŸ‘‹ ,we have created a Golden Retriever ğŸ¥° group to showcase your Heathy Golden Retriever For Adoption And More which is created for us ğŸ¾ to make this breed known to the world, for adoption for all lovers who don't have one and also for the sharing of lovely ğŸ˜ Golden retriever pictures
ğŸ‘‡ğŸ‘‡ğŸ‘‡â¬‡ï¸â¬‡ï¸â¬‡ï¸
https://
facebook.com/
groups/
721998266391863/"
215,Bring back the chocolate raspberry cheesecake. Not the one with white chocolate.,,,Tobie Balma Hello ğŸ‘‹ Send me a text on messenger i have a question for you it's private
216,Bring back fry bread taco .,,,"Lizette Mendez ğˆğ§ğ¯ğğ¬ğ­ğ¢ğ§ğ  ğ°ğ¢ğ­ğ¡ George Paltan , ğ¡ğšğ¬ ğ›ğ«ğ¨ğ®ğ ğ¡ğ­ ğ¦ğ ğšğ§ğ ğ¦ğ² ğŸğšğ¦ğ¢ğ¥ğ² ğ¬ğ¨ ğ¦ğ®ğœğ¡ ğ£ğ¨ğ², ğˆ'ğ¯ğ ğ«ğğœğğ¢ğ¯ğğ ğ¦ğ®ğœğ¡ ğ«ğğ­ğ®ğ«ğ§ğ¬ ğŸğ«ğ¨ğ¦ ğ¦ğ² ğ¥ğ¢ğ­ğ­ğ¥ğ ğŸğ®ğ§ğğ¬ ğ¢ğ§ğ¯ğğ¬ğ­ğğ ğšğ§ğ ğˆ'ğ¦ ğ­ğ¡ğšğ§ğ¤ğŸğ®ğ¥ ğšğ§ğ ğˆ ğšğğ¯ğ¢ğœğ ğğ¯ğğ«ğ²ğ¨ğ§ğ ğ­ğ¨ ğ¢ğ§ğ¯ğğ¬ğ­ ğ°ğ¢ğ­ğ¡ him He's's the best.
ğŸ‘‡ğŸ‘‡ğŸ‘‡ğŸ‘‡ğŸ‘‡ğŸ‘‡
https://
www.facebook.com
/
george.paltan.5
https://
www.facebook.com
/
george.paltan.5"
217,Bring back fry bread taco .,,,"Lizette Mendez Dear friend ğŸ‘‹ ,we have created a Golden Retriever ğŸ¥° group to showcase your Heathy Golden Retriever For Adoption And More which is created for us ğŸ¾ to make this breed known to the world, for adoption for all lovers who don't have one and also for the sharing of lovely ğŸ˜ Golden retriever pictures
ğŸ‘‡ğŸ‘‡ğŸ‘‡â¬‡ï¸â¬‡ï¸â¬‡ï¸
https://
facebook.com/
groups/
721998266391863/"
218,"I used to love the cheesecake factory, but over the past several years,quality has dropped. I no long visit. I miss it, but not worth my money.",,,Richard Spenelli Jr. Hello how are you doing? You have a great picture is that your real hair on your profile picture? I tried adding you as my friend but is not going through. So please try from your Facebook to see if it works so that we can be friends.
219,"I used to love the cheesecake factory, but over the past several years,quality has dropped. I no long visit. I miss it, but not worth my money.",,,"Richard Spenelli Jr. Dear friend ğŸ‘‹ ,we have created a Golden Retriever ğŸ¥° group to showcase your Heathy Golden Retriever For Adoption And More which is created for us ğŸ¾ to make this breed known to the world, for adoption for all lovers who don't have one and also for the sharing of lovely ğŸ˜ Golden retriever pictures
ğŸ‘‡ğŸ‘‡ğŸ‘‡â¬‡ï¸â¬‡ï¸â¬‡ï¸
https://
facebook.com/
groups/
721998266391863/"
220,Fiction. It has NEVER been two pages. No way.,,,"Rudy Ramirez Dear friend ğŸ‘‹ ,we have created a Golden Retriever ğŸ¥° group to showcase your Heathy Golden Retriever For Adoption And More which is created for us ğŸ¾ to make this breed known to the world, for adoption for all lovers who don't have one and also for the sharing of lovely ğŸ˜ Golden retriever pictures
ğŸ‘‡ğŸ‘‡ğŸ‘‡â¬‡ï¸â¬‡ï¸â¬‡ï¸
https://
facebook.com/
groups/
721998266391863/"
221,wasnt born lol,,,"Angel Ellys
Hello, Sorry for the way of contacting, I just saw your profile and thought you were the right person, my name is Sandra Jones, I'm from France. I suffer from a serious illness that will be conscious of death, it is a throat and there is an amount of â‚¬900,000, which I would like to offer to a reliable and honest man to use it well. I have an import of red oil in my company in France and I have been plundering my husband for 6 years, which is very affected and until now I have not been able to recover, but our children have not summer. I would like to offer this amount before my death as my days to count because I miss this disease for which I had no cure. If you would like to benefit from the â‚¬900,000 so that I no longer lose this money ğŸ’° contact me on WhatsApp through this link ğŸ‘‰ğŸ»ğŸ‘‰ğŸ»https://wa.me/
message/
V6PJGZDDOJVBK1"
222,wasnt born lol,,,"Angel Ellys Dear friend ğŸ‘‹ ,we have created a Golden Retriever ğŸ¥° group to showcase your Heathy Golden Retriever For Adoption And More which is created for us ğŸ¾ to make this breed known to the world, for adoption for all lovers who don't have one and also for the sharing of lovely ğŸ˜ Golden retriever pictures
ğŸ‘‡ğŸ‘‡ğŸ‘‡â¬‡ï¸â¬‡ï¸â¬‡ï¸
https://
facebook.com/
groups/
721998266391863/"
223,Too many choices now.,,,"Kathi Ellen Dear friend ğŸ‘‹ ,we have created a Golden Retriever ğŸ¥° group to showcase your Heathy Golden Retriever For Adoption And More which is created for us ğŸ¾ to make this breed known to the world, for adoption for all lovers who don't have one and also for the sharing of lovely ğŸ˜ Golden retriever pictures
ğŸ‘‡ğŸ‘‡ğŸ‘‡â¬‡ï¸â¬‡ï¸â¬‡ï¸
https://
facebook.com/
groups/
721998266391863/"
224,I'll admit to being overwhelmed the first time I looked at the menu. So many options made it hard to decide.,,,"Shaun Cross Dear friend ğŸ‘‹ ,we have created a Golden Retriever ğŸ¥° group to showcase your Heathy Golden Retriever For Adoption And More which is created for us ğŸ¾ to make this breed known to the world, for adoption for all lovers who don't have one and also for the sharing of lovely ğŸ˜ Golden retriever pictures
ğŸ‘‡ğŸ‘‡ğŸ‘‡â¬‡ï¸â¬‡ï¸â¬‡ï¸
https://
facebook.com/
groups/
721998266391863/"
225,"Please more low sodium non mushroom vegetarian options!
PPPLLLLEEEEEEAA
AAAAAASSSSSSSSE
EEEEEEEEE!!!",,,"Michele Vandenborre Soto Dear friend ğŸ‘‹ ,we have created a Golden Retriever ğŸ¥° group to showcase your Heathy Golden Retriever For Adoption And More which is created for us ğŸ¾ to make this breed known to the world, for adoption for all lovers who don't have one and also for the sharing of lovely ğŸ˜ Golden retriever pictures
ğŸ‘‡ğŸ‘‡ğŸ‘‡â¬‡ï¸â¬‡ï¸â¬‡ï¸
https://
facebook.com/
groups/
721998266391863/"
226,"I still have a menu from 1987 somewhere ; I live in Australia, wrote asking for one, and they sent me one (lived in L.A. in 86/87) !",,,"Jeanne Stein ğˆğ§ğ¯ğğ¬ğ­ğ¢ğ§ğ  ğ°ğ¢ğ­ğ¡ George Paltan , ğ¡ğšğ¬ ğ›ğ«ğ¨ğ®ğ ğ¡ğ­ ğ¦ğ ğšğ§ğ ğ¦ğ² ğŸğšğ¦ğ¢ğ¥ğ² ğ¬ğ¨ ğ¦ğ®ğœğ¡ ğ£ğ¨ğ², ğˆ'ğ¯ğ ğ«ğğœğğ¢ğ¯ğğ ğ¦ğ®ğœğ¡ ğ«ğğ­ğ®ğ«ğ§ğ¬ ğŸğ«ğ¨ğ¦ ğ¦ğ² ğ¥ğ¢ğ­ğ­ğ¥ğ ğŸğ®ğ§ğğ¬ ğ¢ğ§ğ¯ğğ¬ğ­ğğ ğšğ§ğ ğˆ'ğ¦ ğ­ğ¡ğšğ§ğ¤ğŸğ®ğ¥ ğšğ§ğ ğˆ ğšğğ¯ğ¢ğœğ ğğ¯ğğ«ğ²ğ¨ğ§ğ ğ­ğ¨ ğ¢ğ§ğ¯ğğ¬ğ­ ğ°ğ¢ğ­ğ¡ him He's's the best.
ğŸ‘‡ğŸ‘‡ğŸ‘‡ğŸ‘‡ğŸ‘‡ğŸ‘‡
https://
www.facebook.com
/
george.paltan.5
https://
www.facebook.com
/
george.paltan.5"
227,I think it was 3 pages,,,"Dal JustDal ğˆğ§ğ¯ğğ¬ğ­ğ¢ğ§ğ  ğ°ğ¢ğ­ğ¡ George Paltan , ğ¡ğšğ¬ ğ›ğ«ğ¨ğ®ğ ğ¡ğ­ ğ¦ğ ğšğ§ğ ğ¦ğ² ğŸğšğ¦ğ¢ğ¥ğ² ğ¬ğ¨ ğ¦ğ®ğœğ¡ ğ£ğ¨ğ², ğˆ'ğ¯ğ ğ«ğğœğğ¢ğ¯ğğ ğ¦ğ®ğœğ¡ ğ«ğğ­ğ®ğ«ğ§ğ¬ ğŸğ«ğ¨ğ¦ ğ¦ğ² ğ¥ğ¢ğ­ğ­ğ¥ğ ğŸğ®ğ§ğğ¬ ğ¢ğ§ğ¯ğğ¬ğ­ğğ ğšğ§ğ ğˆ'ğ¦ ğ­ğ¡ğšğ§ğ¤ğŸğ®ğ¥ ğšğ§ğ ğˆ ğšğğ¯ğ¢ğœğ ğğ¯ğğ«ğ²ğ¨ğ§ğ ğ­ğ¨ ğ¢ğ§ğ¯ğğ¬ğ­ ğ°ğ¢ğ­ğ¡ him He's's the best.
ğŸ‘‡ğŸ‘‡ğŸ‘‡ğŸ‘‡ğŸ‘‡ğŸ‘‡
https://
www.facebook.com
/
george.paltan.5
https://
www.facebook.com
/
george.paltan.5"
228,I think it was 3 pages,,,"Dal JustDal Dear friend ğŸ‘‹ ,we have created a Golden Retriever ğŸ¥° group to showcase your Heathy Golden Retriever For Adoption And More which is created for us ğŸ¾ to make this breed known to the world, for adoption for all lovers who don't have one and also for the sharing of lovely ğŸ˜ Golden retriever pictures
ğŸ‘‡ğŸ‘‡ğŸ‘‡â¬‡ï¸â¬‡ï¸â¬‡ï¸
https://
facebook.com/
groups/
721998266391863/"
229,"Change back to a smaller menu, I beg of you",,,"Demi Garza ğŸ•ğŸ‰ğŸ˜âœ¨testyes!!wow https://
projeckone.verce
l.app/"
230,"Change back to a smaller menu, I beg of you",,,"Demi Garza Dear friend ğŸ‘‹ ,we have created a Golden Retriever ğŸ¥° group to showcase your Heathy Golden Retriever For Adoption And More which is created for us ğŸ¾ to make this breed known to the world, for adoption for all lovers who don't have one and also for the sharing of lovely ğŸ˜ Golden retriever pictures
ğŸ‘‡ğŸ‘‡ğŸ‘‡â¬‡ï¸â¬‡ï¸â¬‡ï¸
https://
facebook.com/
groups/
721998266391863/"
231,Still reading your menu lol ğŸ˜‰,,,Katie Higdon Garcia it gives me anxiety ğŸ˜‚
232,Still reading your menu lol ğŸ˜‰,,,"Destinee Hayes you know that 1200 page novel, War and Peace? It's the menu version of that ğŸ˜†"
233,Still reading your menu lol ğŸ˜‰,,,"Katie Higdon Garcia Dear friend ğŸ‘‹ ,we have created a Golden Retriever ğŸ¥° group to showcase your Heathy Golden Retriever For Adoption And More which is created for us ğŸ¾ to make this breed known to the world, for adoption for all lovers who don't have one and also for the sharing of lovely ğŸ˜ Golden retriever pictures
ğŸ‘‡ğŸ‘‡ğŸ‘‡â¬‡ï¸â¬‡ï¸â¬‡ï¸
https://
facebook.com/
groups/
721998266391863/"
234,I think it's true,,,"Valeria Haro ğˆğ§ğ¯ğğ¬ğ­ğ¢ğ§ğ  ğ°ğ¢ğ­ğ¡ George Paltan , ğ¡ğšğ¬ ğ›ğ«ğ¨ğ®ğ ğ¡ğ­ ğ¦ğ ğšğ§ğ ğ¦ğ² ğŸğšğ¦ğ¢ğ¥ğ² ğ¬ğ¨ ğ¦ğ®ğœğ¡ ğ£ğ¨ğ², ğˆ'ğ¯ğ ğ«ğğœğğ¢ğ¯ğğ ğ¦ğ®ğœğ¡ ğ«ğğ­ğ®ğ«ğ§ğ¬ ğŸğ«ğ¨ğ¦ ğ¦ğ² ğ¥ğ¢ğ­ğ­ğ¥ğ ğŸğ®ğ§ğğ¬ ğ¢ğ§ğ¯ğğ¬ğ­ğğ ğšğ§ğ ğˆ'ğ¦ ğ­ğ¡ğšğ§ğ¤ğŸğ®ğ¥ ğšğ§ğ ğˆ ğšğğ¯ğ¢ğœğ ğğ¯ğğ«ğ²ğ¨ğ§ğ ğ­ğ¨ ğ¢ğ§ğ¯ğğ¬ğ­ ğ°ğ¢ğ­ğ¡ him He's's the best.
ğŸ‘‡ğŸ‘‡ğŸ‘‡ğŸ‘‡ğŸ‘‡ğŸ‘‡
https://
www.facebook.com
/
george.paltan.5
https://
www.facebook.com
/
george.paltan.5"
235,And that would be good enough!,,,"Francoise Boden
Hello, Sorry for the way of contacting, I just saw your profile and thought you were the right person, my name is Sandra Jones, I'm from France. I suffer from a serious illness that will be conscious of death, it is a throat and there is an amount of â‚¬900,000, which I would like to offer to a reliable and honest man to use it well. I have an import of red oil in my company in France and I have been plundering my husband for 6 years, which is very affected and until now I have not been able to recover, but our children have not summer. I would like to offer this amount before my death as my days to count because I miss this disease for which I had no cure. If you would like to benefit from the â‚¬900,000 so that I no longer lose this money ğŸ’° contact me on WhatsApp through this link ğŸ‘‰ğŸ»ğŸ‘‰ğŸ»https://wa.me/
message/
V6PJGZDDOJVBK1"
236,And that would be good enough!,,,"Francoise Boden Iâ€™m proud to serve the United stateâ€¦I actually love this post and your comment,you deserve my comment for saying such,I found you interesting and also clever ,but tried sending you a friend request but I couldnâ€™t ğŸ˜ğŸ˜’I will be so glad if you can send me a friend request here on Facebook ,I still stand for the flag ğŸ‡ºğŸ‡¸"
237,And that would be good enough!,,,"Francoise Boden Dear friend ğŸ‘‹ ,we have created a Golden Retriever ğŸ¥° group to showcase your Heathy Golden Retriever For Adoption And More which is created for us ğŸ¾ to make this breed known to the world, for adoption for all lovers who don't have one and also for the sharing of lovely ğŸ˜ Golden retriever pictures
ğŸ‘‡ğŸ‘‡ğŸ‘‡â¬‡ï¸â¬‡ï¸â¬‡ï¸
https://
facebook.com/
groups/
721998266391863/"
238,And that would be good enough!,,,"Francoise Boden Hello, my honest and sincere apologies for invading your privacy abruptly but I must confess that you are an angel, I will really appreciate an t to be called a friend. I tried sending you a friend request but no avail, can you please add me if you don't mind ğŸ™"
239,The menu now is way too massive. Needs to be smaller.,,,Traci Mo never been how long is it now
240,The menu now is way too massive. Needs to be smaller.,,,"Traci Mo The more options, the better, keep expanding it!"
241,The menu now is way too massive. Needs to be smaller.,,,Traci Mo I agree itâ€™s too long especially since most dishes have the same base.
242,The menu now is way too massive. Needs to be smaller.,,,"Francoise Boden agreeâ€¦ I find it annoying and takes too much time away from visiting with people youâ€™re having dinner with while everyone is trying to read War and Peace. The food is good, but not somewhere I go out to often."
243,The menu now is way too massive. Needs to be smaller.,,,"Traci Mo Dear friend ğŸ‘‹ ,we have created a Golden Retriever ğŸ¥° group to showcase your Heathy Golden Retriever For Adoption And More which is created for us ğŸ¾ to make this breed known to the world, for adoption for all lovers who don't have one and also for the sharing of lovely ğŸ˜ Golden retriever pictures
ğŸ‘‡ğŸ‘‡ğŸ‘‡â¬‡ï¸â¬‡ï¸â¬‡ï¸
https://
facebook.com/
groups/
721998266391863/"
244,Regardless bring back the 1977 prices!ğŸ¤£ğŸ˜…,,,"Mohammad Kabir Dear friend ğŸ‘‹ ,we have created a Golden Retriever ğŸ¥° group to showcase your Heathy Golden Retriever For Adoption And More which is created for us ğŸ¾ to make this breed known to the world, for adoption for all lovers who don't have one and also for the sharing of lovely ğŸ˜ Golden retriever pictures
ğŸ‘‡ğŸ‘‡ğŸ‘‡â¬‡ï¸â¬‡ï¸â¬‡ï¸
https://
facebook.com/
groups/
721998266391863/"
245,..... no it was bigger,,,"Amanda Cabrera Dear friend ğŸ‘‹ ,we have created a Golden Retriever ğŸ¥° group to showcase your Heathy Golden Retriever For Adoption And More which is created for us ğŸ¾ to make this breed known to the world, for adoption for all lovers who don't have one and also for the sharing of lovely ğŸ˜ Golden retriever pictures
ğŸ‘‡ğŸ‘‡ğŸ‘‡â¬‡ï¸â¬‡ï¸â¬‡ï¸
https://
facebook.com/
groups/
721998266391863/"
246,No idea. Never heard of The Cheesecake Factory in 1977.,,,"Joyce Guthrie Apologies for dropping this here but it feels too great to visit your timeline,ğŸŒ¹ğŸŒ¹ I always enjoy what you share here on Facebook but we're not friends yetğŸŒ¹ğŸŒ¹ I have tried several times to send the friend request but it's not going. Do you mind trying from your side? I will be happy to be friends with you. If you find this message embarrassing please pardon my manners Thank youğŸŒ¹"
247,No idea. Never heard of The Cheesecake Factory in 1977.,,,"Joyce Guthrie Dear friend ğŸ‘‹ ,we have created a Golden Retriever ğŸ¥° group to showcase your Heathy Golden Retriever For Adoption And More which is created for us ğŸ¾ to make this breed known to the world, for adoption for all lovers who don't have one and also for the sharing of lovely ğŸ˜ Golden retriever pictures
ğŸ‘‡ğŸ‘‡ğŸ‘‡â¬‡ï¸â¬‡ï¸â¬‡ï¸
https://
facebook.com/
groups/
721998266391863/"
248,Now it is a book.,,,"Nicolette Gerue ğˆğ§ğ¯ğğ¬ğ­ğ¢ğ§ğ  ğ°ğ¢ğ­ğ¡ George Paltan , ğ¡ğšğ¬ ğ›ğ«ğ¨ğ®ğ ğ¡ğ­ ğ¦ğ ğšğ§ğ ğ¦ğ² ğŸğšğ¦ğ¢ğ¥ğ² ğ¬ğ¨ ğ¦ğ®ğœğ¡ ğ£ğ¨ğ², ğˆ'ğ¯ğ ğ«ğğœğğ¢ğ¯ğğ ğ¦ğ®ğœğ¡ ğ«ğğ­ğ®ğ«ğ§ğ¬ ğŸğ«ğ¨ğ¦ ğ¦ğ² ğ¥ğ¢ğ­ğ­ğ¥ğ ğŸğ®ğ§ğğ¬ ğ¢ğ§ğ¯ğğ¬ğ­ğğ ğšğ§ğ ğˆ'ğ¦ ğ­ğ¡ğšğ§ğ¤ğŸğ®ğ¥ ğšğ§ğ ğˆ ğšğğ¯ğ¢ğœğ ğğ¯ğğ«ğ²ğ¨ğ§ğ ğ­ğ¨ ğ¢ğ§ğ¯ğğ¬ğ­ ğ°ğ¢ğ­ğ¡ him He's's the best.
ğŸ‘‡ğŸ‘‡ğŸ‘‡ğŸ‘‡ğŸ‘‡ğŸ‘‡
https://
www.facebook.com
/
george.paltan.5
https://
www.facebook.com
/
george.paltan.5"
249,Now it is a book.,,,"Nicolette Gerue Dear friend ğŸ‘‹ ,we have created a Golden Retriever ğŸ¥° group to showcase your Heathy Golden Retriever For Adoption And More which is created for us ğŸ¾ to make this breed known to the world, for adoption for all lovers who don't have one and also for the sharing of lovely ğŸ˜ Golden retriever pictures
ğŸ‘‡ğŸ‘‡ğŸ‘‡â¬‡ï¸â¬‡ï¸â¬‡ï¸
https://
facebook.com/
groups/
721998266391863/"
250,Ever think of doing a limited Retro-Menu era for a few weeks?,,,"Gene Mikijanic ğˆğ§ğ¯ğğ¬ğ­ğ¢ğ§ğ  ğ°ğ¢ğ­ğ¡ George Paltan , ğ¡ğšğ¬ ğ›ğ«ğ¨ğ®ğ ğ¡ğ­ ğ¦ğ ğšğ§ğ ğ¦ğ² ğŸğšğ¦ğ¢ğ¥ğ² ğ¬ğ¨ ğ¦ğ®ğœğ¡ ğ£ğ¨ğ², ğˆ'ğ¯ğ ğ«ğğœğğ¢ğ¯ğğ ğ¦ğ®ğœğ¡ ğ«ğğ­ğ®ğ«ğ§ğ¬ ğŸğ«ğ¨ğ¦ ğ¦ğ² ğ¥ğ¢ğ­ğ­ğ¥ğ ğŸğ®ğ§ğğ¬ ğ¢ğ§ğ¯ğğ¬ğ­ğğ ğšğ§ğ ğˆ'ğ¦ ğ­ğ¡ğšğ§ğ¤ğŸğ®ğ¥ ğšğ§ğ ğˆ ğšğğ¯ğ¢ğœğ ğğ¯ğğ«ğ²ğ¨ğ§ğ ğ­ğ¨ ğ¢ğ§ğ¯ğğ¬ğ­ ğ°ğ¢ğ­ğ¡ him He's's the best.
ğŸ‘‡ğŸ‘‡ğŸ‘‡ğŸ‘‡ğŸ‘‡ğŸ‘‡
https://
www.facebook.com
/
george.paltan.5
https://
www.facebook.com
/
george.paltan.5"
251,Ever think of doing a limited Retro-Menu era for a few weeks?,,,"Gene Mikijanic Dear friend ğŸ‘‹ ,we have created a Golden Retriever ğŸ¥° group to showcase your Heathy Golden Retriever For Adoption And More which is created for us ğŸ¾ to make this breed known to the world, for adoption for all lovers who don't have one and also for the sharing of lovely ğŸ˜ Golden retriever pictures
ğŸ‘‡ğŸ‘‡ğŸ‘‡â¬‡ï¸â¬‡ï¸â¬‡ï¸
https://
facebook.com/
groups/
721998266391863/"
