Index,image_url,description
0,https://i.pinimg.com/236x/8e/66/a2/8e66a2a8c723906ffd51089ffc8ece92.jpg,San Francisco 49ers Wallpaper
1,https://i.pinimg.com/236x/a2/ad/15/a2ad15f8d72e4683919c6b8cdb239f21.jpg,San Francisco 49ers Wallpaper
2,https://i.pinimg.com/236x/9c/16/66/9c16665372ab68c3ef5f47a65f265933--forty-niners-joe-montana.jpg,San Francisco 49ers Glory Years
3,https://i.pinimg.com/236x/ed/e4/a0/ede4a0f92a22d2684de78d9b3c71ad36--joe-montana-san-francisco-ers.jpg,Former San Francisco 49ers Great & Hall of Fame QB; Joe Montana
4,https://i.pinimg.com/236x/49/0c/8c/490c8c89fca36c97e42ae56e002f1f11.jpg,Nick Bosa of the San Francisco 49ers stands on the field during their...
5,https://i.pinimg.com/236x/eb/6c/33/eb6c33e85bcc4258901a07157b0dc061.jpg,
6,https://i.pinimg.com/236x/01/6d/c5/016dc5016259df616301bf952d69a918.jpg,49ers players react to Christian McCaffrey's dominant performance vs. Rams
7,https://i.pinimg.com/236x/c6/d1/cd/c6d1cdd2d54f3630ca204cfd3f7e9e53--ers-helmet-nfl-betting.jpg,San Francisco 49ers
8,https://i.pinimg.com/236x/7e/a4/9f/7ea49f56cda7f82e55b1dd55eb51393e.jpg,"49ers TE George Kittle felt ""great"" after big performance"
9,https://i.pinimg.com/236x/83/2c/d1/832cd1b5ab90fb9c355f6d9ee134fac7.jpg,No Huddle Podcast: Milestone episode previews 49ers-Vikings playoff game
10,https://i.pinimg.com/236x/61/2f/77/612f77a48dbaf43d0273102afd704bfa.jpg,Olivia Culpo wears black for boyfriend Christian McCafferty 49ers win
11,https://i.pinimg.com/236x/c5/8f/9e/c58f9eb47724256ed497d6204a5e4ee6.jpg,San Francisco 49ers Frappuccino
12,https://i.pinimg.com/236x/54/64/11/546411e678df4e0becb4925f2ac77877--joe-montana-sports-figures.jpg,San Francisco 49ers Joe Montana. Probablemente el mas grande y exitoso mariscal de todas las epocas
13,https://i.pinimg.com/236x/18/90/60/189060f3a68d234f000eedc7c8963228--cheerleader-pictures-cheerleader-dance.jpg,San Francisco 49ers cheerleader
14,https://i.pinimg.com/236x/26/6b/90/266b909e78d6bd1d181e9abba7275785.jpg,SI's 100 Best Super Bowl Photos
15,https://i.pinimg.com/236x/01/b4/9c/01b49c4b2b3bc750d0ac828b42db6882--cowboy-games-the-ers.jpg,San Francisco 49ers Glory Years
16,https://i.pinimg.com/236x/df/06/12/df061255565ee59c8d84b8c25f14a01e--sports-illustrated-covers-forty-niners.jpg,covers | SI.com
17,https://i.pinimg.com/236x/ed/10/6a/ed106a5b9d4015aae082e2996bc65932.jpg,Nick Bosa of the San Francisco 49ers reacts after a fumble during the...
18,https://i.pinimg.com/236x/d3/a4/18/d3a418ccad5ec33321bbecfb22358b19--nfl-football-players-ers-players.jpg,"#LL @lufelive  #football #NFL Joe Montana, San Francisco 49ers"
19,https://i.pinimg.com/236x/3e/7b/00/3e7b00f31106be97de4aa7ee079c67ff--patrick-willis-patrick-obrian.jpg,"Patrick Willis, San Francisco 49ers"
20,https://i.pinimg.com/236x/ee/22/5d/ee225dc6120d850ca735fd3b17d4aea7.jpg,2023 San Francisco 49ers wallpaper â€“ Pro Sports Backgrounds
21,https://i.pinimg.com/236x/f2/b9/4d/f2b94d39ae1072228e68ebc9d1af7cd5--san-francisco-travel-francisco-dsouza.jpg,San Francisco To-Do List
